'AbsTime',Acetonitrile',Acetaldehyde',Acetone',DMS',Isoprene',MVK+MACR',MEK',Hydroxyacetone',Benzene',Toluene',Styrene',m-xylene',C3-benzene',C4-benzene',Monoterpene',Latitude',Longitude','Flag'
7/1/2022 12:40,0.337,3.62,7.34,0.109,0.616,0.628,0.911,2.162,0.484,0.414,NaN,1.392,NaN,NaN,NaN,29.66986,-95.0593,1
7/1/2022 12:45,0.236,2.979,6.006,0.064,0.373,0.536,0.574,0.966,0.405,1.339,NaN,1.742,NaN,NaN,NaN,29.66986,-95.0593,1
7/1/2022 12:50,0.239,2.959,4.984,0.072,0.358,0.576,0.527,0.456,0.435,2.627,NaN,2.113,0.215,0.535,NaN,29.66986,-95.0593,1
7/1/2022 12:55,0.216,2.501,4.454,0.066,0.358,0.508,0.488,0.392,0.318,1.624,NaN,1.219,NaN,0.446,NaN,29.66986,-95.0593,1
7/1/2022 13:00,0.176,2.386,4.418,NaN,0.366,0.54,0.414,0.446,0.232,0.949,NaN,0.758,NaN,NaN,NaN,29.66986,-95.0593,1
7/1/2022 13:05,0.221,2.248,4.391,NaN,0.321,0.417,0.394,0.392,NaN,0.579,NaN,0.569,NaN,NaN,NaN,29.66986,-95.0593,1
7/1/2022 13:10,0.186,2.251,4.093,0.074,0.294,0.255,0.358,0.352,NaN,0.374,NaN,0.434,NaN,NaN,NaN,29.66986,-95.0593,1
7/1/2022 13:15,0.187,1.901,3.94,NaN,0.234,NaN,0.288,0.229,NaN,NaN,NaN,NaN,NaN,NaN,NaN,29.66986,-95.0593,1
7/1/2022 13:20,0.185,2.836,8.167,NaN,0.478,0.212,0.567,0.301,NaN,0.35,NaN,NaN,NaN,NaN,NaN,29.66986,-95.0593,1
7/1/2022 13:25,0.168,2.43,4.945,0.074,0.366,0.248,0.339,0.204,NaN,0.388,NaN,NaN,NaN,NaN,NaN,29.66986,-95.0593,1
7/1/2022 13:30,0.168,2.166,5.011,NaN,0.424,0.226,0.446,0.297,NaN,0.389,NaN,NaN,NaN,NaN,NaN,29.66986,-95.0593,1
7/1/2022 13:35,0.169,2.356,4.992,0.077,0.409,0.273,0.336,0.261,NaN,0.589,NaN,NaN,NaN,NaN,NaN,29.66986,-95.0593,1
7/1/2022 13:40,0.186,2.424,8.095,0.066,0.402,0.312,0.673,0.394,0.312,1.173,NaN,0.523,NaN,NaN,NaN,29.66986,-95.0593,1
7/1/2022 13:45,0.198,2.547,14.189,0.078,0.461,0.307,0.484,1.712,0.882,0.42,NaN,0.432,0.701,NaN,NaN,29.66986,-95.0593,1
7/1/2022 13:50,0.164,2.557,4.938,0.073,0.632,0.35,0.372,0.521,0.227,0.275,NaN,NaN,NaN,NaN,NaN,29.66986,-95.0593,1
7/1/2022 13:55,0.165,2.604,3.909,0.078,0.658,0.381,0.316,0.238,NaN,0.322,NaN,NaN,NaN,NaN,NaN,29.66986,-95.0593,1
7/1/2022 14:00,0.166,2.356,3.841,0.071,0.587,0.398,0.488,0.315,NaN,0.634,NaN,NaN,NaN,NaN,NaN,29.66986,-95.0593,1
7/1/2022 14:05,0.156,2.344,4.972,0.221,0.548,0.368,0.809,0.385,NaN,0.57,NaN,0.498,NaN,NaN,NaN,29.66986,-95.0593,1
7/1/2022 14:10,0.189,2.38,4.84,0.197,0.526,0.316,0.76,0.398,NaN,0.298,NaN,NaN,NaN,NaN,NaN,29.66986,-95.0593,1
7/1/2022 14:15,0.158,2.224,3.933,0.188,0.369,0.319,0.518,0.419,NaN,0.309,NaN,0.428,NaN,NaN,NaN,29.66986,-95.0593,1
7/1/2022 14:20,0.156,2.184,3.492,0.182,0.384,0.361,0.393,0.363,NaN,0.293,NaN,NaN,NaN,NaN,NaN,29.66986,-95.0593,1
7/1/2022 14:25,0.161,2.148,3.772,0.143,0.424,0.331,0.385,0.298,0.158,0.292,NaN,NaN,NaN,NaN,NaN,29.66986,-95.0593,1
7/1/2022 14:30,0.137,2.164,4.244,0.153,0.481,0.3,0.317,0.383,NaN,0.35,NaN,NaN,NaN,NaN,NaN,29.66986,-95.0593,1
7/1/2022 14:35,0.175,2.2,4.162,0.093,0.478,0.398,0.342,0.322,NaN,0.326,NaN,NaN,NaN,NaN,NaN,29.66986,-95.0593,1
7/1/2022 14:40,0.187,3.436,6.335,0.093,0.61,0.478,0.626,0.368,NaN,0.664,NaN,NaN,NaN,NaN,NaN,29.66986,-95.0593,1
7/1/2022 14:45,0.183,2.593,4.772,0.108,0.656,0.51,0.391,0.34,NaN,0.56,NaN,NaN,NaN,NaN,NaN,29.66986,-95.0593,1
7/1/2022 14:50,NaN,NaN,NaN,NaN,NaN,NaN,NaN,NaN,NaN,NaN,NaN,NaN,NaN,NaN,NaN,29.66986,-95.0593,1
7/1/2022 14:55,NaN,NaN,NaN,NaN,NaN,NaN,NaN,NaN,NaN,NaN,NaN,NaN,NaN,NaN,NaN,29.66986,-95.0593,1
7/1/2022 15:00,NaN,NaN,NaN,NaN,NaN,NaN,NaN,NaN,NaN,NaN,NaN,NaN,NaN,NaN,NaN,29.66986,-95.0593,1
7/1/2022 15:05,NaN,NaN,NaN,NaN,NaN,NaN,NaN,NaN,NaN,NaN,NaN,NaN,NaN,NaN,NaN,29.66986,-95.0593,1
7/1/2022 15:10,NaN,NaN,NaN,NaN,NaN,NaN,NaN,NaN,NaN,NaN,NaN,NaN,NaN,NaN,NaN,29.66986,-95.0593,1
7/1/2022 15:15,NaN,NaN,NaN,NaN,NaN,NaN,NaN,NaN,NaN,NaN,NaN,NaN,NaN,NaN,NaN,29.66986,-95.0593,1
7/1/2022 15:20,NaN,NaN,NaN,NaN,NaN,NaN,NaN,NaN,NaN,NaN,NaN,NaN,NaN,NaN,NaN,29.66986,-95.0593,1
7/1/2022 15:25,NaN,NaN,NaN,NaN,NaN,NaN,NaN,NaN,NaN,NaN,NaN,NaN,NaN,NaN,NaN,29.66986,-95.0593,1
7/1/2022 15:30,0.203,1.737,3.973,NaN,0.537,0.673,0.192,0.199,NaN,0.145,NaN,NaN,NaN,NaN,NaN,29.66986,-95.0593,1
7/1/2022 15:35,0.199,1.638,3.711,NaN,0.623,0.605,NaN,0.176,NaN,NaN,NaN,NaN,NaN,NaN,NaN,29.66986,-95.0593,1
7/1/2022 15:40,0.153,1.429,3.033,NaN,0.496,0.368,NaN,NaN,NaN,NaN,NaN,NaN,NaN,NaN,NaN,29.66986,-95.0593,1
7/1/2022 15:45,0.124,1.295,2.906,NaN,0.389,0.336,NaN,NaN,NaN,NaN,NaN,NaN,NaN,NaN,NaN,29.66986,-95.0593,1
7/1/2022 15:50,0.165,1.272,3.209,NaN,0.489,0.438,NaN,NaN,NaN,NaN,NaN,NaN,NaN,NaN,NaN,29.66986,-95.0593,1
7/1/2022 15:55,NaN,NaN,NaN,NaN,NaN,NaN,NaN,NaN,NaN,NaN,NaN,NaN,NaN,NaN,NaN,29.66986,-95.0593,1
7/1/2022 16:00,NaN,NaN,NaN,NaN,NaN,NaN,NaN,NaN,NaN,NaN,NaN,NaN,NaN,NaN,NaN,29.66986,-95.0593,1
7/1/2022 16:05,NaN,NaN,NaN,NaN,NaN,NaN,NaN,NaN,NaN,NaN,NaN,NaN,NaN,NaN,NaN,29.66986,-95.0593,1
7/1/2022 16:10,NaN,NaN,NaN,NaN,NaN,NaN,NaN,NaN,NaN,NaN,NaN,NaN,NaN,NaN,NaN,29.66986,-95.0593,1
7/1/2022 16:15,NaN,NaN,NaN,NaN,NaN,NaN,NaN,NaN,NaN,NaN,NaN,NaN,NaN,NaN,NaN,29.66986,-95.0593,1
7/1/2022 16:20,0.203,NaN,3.768,NaN,0.462,0.262,NaN,NaN,NaN,NaN,NaN,NaN,NaN,NaN,NaN,29.66986,-95.0593,1
7/1/2022 16:25,0.143,1.855,4.106,NaN,0.463,0.398,0.25,0.159,NaN,NaN,NaN,NaN,NaN,NaN,NaN,29.66986,-95.0593,1
7/1/2022 16:30,0.156,1.98,4.036,NaN,0.413,0.413,0.274,0.186,NaN,NaN,NaN,NaN,NaN,NaN,NaN,29.66986,-95.0593,1
7/1/2022 16:35,0.178,2.053,3.855,0.064,0.506,0.459,0.269,0.192,NaN,NaN,NaN,NaN,NaN,NaN,NaN,29.66986,-95.0593,1
7/1/2022 16:40,0.162,1.827,3.842,NaN,0.493,0.506,0.299,0.182,NaN,NaN,NaN,NaN,NaN,NaN,NaN,29.66986,-95.0593,1
7/1/2022 16:45,0.159,1.513,3.194,NaN,0.506,0.452,0.244,0.209,NaN,NaN,NaN,NaN,NaN,NaN,NaN,29.66986,-95.0593,1
7/1/2022 16:50,0.151,1.437,2.81,NaN,0.302,0.335,0.172,0.181,NaN,NaN,NaN,NaN,NaN,NaN,NaN,29.66986,-95.0593,1
7/1/2022 16:55,NaN,NaN,NaN,NaN,NaN,NaN,NaN,NaN,NaN,NaN,NaN,NaN,NaN,NaN,NaN,29.66986,-95.0593,1
7/1/2022 17:00,NaN,NaN,NaN,NaN,NaN,NaN,NaN,NaN,NaN,NaN,NaN,NaN,NaN,NaN,NaN,29.66986,-95.0593,1
7/1/2022 17:05,NaN,NaN,NaN,NaN,NaN,NaN,NaN,NaN,NaN,NaN,NaN,NaN,NaN,NaN,NaN,29.66986,-95.0593,1
7/1/2022 17:10,NaN,NaN,NaN,NaN,NaN,NaN,NaN,NaN,NaN,NaN,NaN,NaN,NaN,NaN,NaN,29.66986,-95.0593,1
7/1/2022 17:15,NaN,NaN,NaN,NaN,NaN,NaN,NaN,NaN,NaN,NaN,NaN,NaN,NaN,NaN,NaN,29.66986,-95.0593,1
7/1/2022 17:20,NaN,NaN,NaN,NaN,NaN,NaN,NaN,NaN,NaN,NaN,NaN,NaN,NaN,NaN,NaN,29.66986,-95.0593,1
7/1/2022 17:25,0.144,2.185,2.822,NaN,0.47,0.389,0.285,NaN,NaN,NaN,NaN,NaN,NaN,NaN,NaN,29.66986,-95.0593,1
7/1/2022 17:30,0.16,2.104,2.653,NaN,0.511,0.347,0.309,0.148,NaN,NaN,NaN,NaN,NaN,NaN,NaN,29.66986,-95.0593,1
7/1/2022 17:35,0.15,1.961,2.469,NaN,0.418,0.309,0.344,0.185,NaN,NaN,NaN,NaN,NaN,NaN,NaN,29.66986,-95.0593,1
7/1/2022 17:40,0.17,1.94,2.354,NaN,0.593,0.349,0.311,NaN,NaN,0.273,NaN,NaN,NaN,NaN,NaN,29.66986,-95.0593,1
7/1/2022 17:45,0.143,1.851,2.285,NaN,0.52,0.284,0.251,NaN,NaN,NaN,NaN,NaN,NaN,NaN,NaN,29.66986,-95.0593,1
7/1/2022 17:50,0.148,1.798,2.159,NaN,0.679,0.286,0.292,NaN,NaN,NaN,NaN,NaN,NaN,NaN,NaN,29.66986,-95.0593,1
7/1/2022 17:55,0.149,1.72,2.031,NaN,0.558,0.248,0.242,NaN,NaN,NaN,NaN,NaN,NaN,NaN,NaN,29.66986,-95.0593,1
7/1/2022 18:00,0.138,1.716,2.019,NaN,0.53,0.22,0.174,0.198,NaN,NaN,NaN,NaN,NaN,NaN,NaN,29.66986,-95.0593,1
7/1/2022 18:05,0.137,1.405,2.265,0.109,0.405,NaN,0.178,NaN,NaN,NaN,NaN,NaN,NaN,NaN,NaN,29.66986,-95.0593,1
7/1/2022 18:10,0.337,1.423,2.109,0.105,0.215,0.351,0.288,NaN,NaN,NaN,1.232,1.101,NaN,NaN,NaN,29.66986,-95.0593,1
7/1/2022 18:15,NaN,NaN,NaN,NaN,NaN,NaN,NaN,NaN,NaN,NaN,NaN,NaN,NaN,NaN,NaN,29.66986,-95.0593,1
7/1/2022 18:20,NaN,NaN,NaN,NaN,NaN,NaN,NaN,NaN,NaN,NaN,NaN,NaN,NaN,NaN,NaN,29.66986,-95.0593,1
7/1/2022 18:25,NaN,NaN,NaN,NaN,NaN,NaN,NaN,NaN,NaN,NaN,NaN,NaN,NaN,NaN,NaN,29.66986,-95.0593,1
7/1/2022 18:30,NaN,NaN,NaN,NaN,NaN,NaN,NaN,NaN,NaN,NaN,NaN,NaN,NaN,NaN,NaN,29.66986,-95.0593,1
7/1/2022 18:35,NaN,NaN,NaN,NaN,NaN,NaN,NaN,NaN,NaN,NaN,NaN,NaN,NaN,NaN,NaN,29.66986,-95.0593,1
7/1/2022 18:40,NaN,NaN,NaN,NaN,NaN,NaN,NaN,NaN,NaN,NaN,NaN,NaN,NaN,NaN,NaN,29.66986,-95.0593,1
7/1/2022 18:45,NaN,NaN,NaN,NaN,NaN,NaN,NaN,NaN,NaN,NaN,NaN,NaN,NaN,NaN,NaN,29.66986,-95.0593,1
7/1/2022 18:50,0.145,1.265,1.986,NaN,0.368,NaN,NaN,NaN,NaN,NaN,NaN,NaN,NaN,NaN,NaN,29.66986,-95.0593,1
7/1/2022 18:55,NaN,1.118,0.912,NaN,NaN,NaN,2.439,NaN,NaN,NaN,NaN,NaN,NaN,NaN,NaN,29.66986,-95.0593,1
7/1/2022 19:00,NaN,NaN,NaN,NaN,NaN,NaN,5.635,NaN,NaN,NaN,NaN,NaN,NaN,NaN,NaN,29.66986,-95.0593,1
7/1/2022 19:05,NaN,NaN,NaN,NaN,NaN,NaN,5.946,NaN,NaN,NaN,NaN,NaN,NaN,NaN,NaN,29.66986,-95.0593,1
7/1/2022 19:10,NaN,NaN,NaN,NaN,NaN,NaN,6.18,NaN,NaN,NaN,NaN,NaN,NaN,NaN,NaN,29.66986,-95.0593,1
7/1/2022 19:15,NaN,NaN,NaN,NaN,NaN,NaN,6.291,NaN,NaN,NaN,NaN,NaN,NaN,NaN,NaN,29.66986,-95.0593,1
7/1/2022 19:20,NaN,NaN,NaN,NaN,NaN,NaN,6.444,NaN,NaN,NaN,NaN,NaN,NaN,NaN,NaN,29.66986,-95.0593,1
7/1/2022 19:25,NaN,NaN,NaN,NaN,NaN,NaN,6.941,NaN,NaN,NaN,NaN,NaN,NaN,NaN,NaN,29.66986,-95.0593,1
7/1/2022 19:30,NaN,NaN,NaN,NaN,NaN,NaN,NaN,NaN,NaN,NaN,NaN,NaN,NaN,NaN,NaN,29.66986,-95.0593,1
7/1/2022 19:35,NaN,NaN,NaN,NaN,NaN,NaN,NaN,NaN,NaN,NaN,NaN,NaN,NaN,NaN,NaN,29.66986,-95.0593,1
7/1/2022 19:40,NaN,NaN,NaN,NaN,NaN,NaN,NaN,NaN,NaN,NaN,NaN,NaN,NaN,NaN,NaN,29.66986,-95.0593,1
7/1/2022 19:45,NaN,NaN,NaN,NaN,NaN,NaN,NaN,NaN,NaN,NaN,NaN,NaN,NaN,NaN,NaN,29.66986,-95.0593,1
7/1/2022 19:50,NaN,NaN,NaN,NaN,NaN,NaN,NaN,NaN,NaN,NaN,NaN,NaN,NaN,NaN,NaN,29.66986,-95.0593,1
7/1/2022 19:55,NaN,NaN,NaN,NaN,NaN,NaN,7.107,NaN,NaN,NaN,NaN,NaN,NaN,NaN,NaN,29.66986,-95.0593,1
7/1/2022 20:00,NaN,NaN,NaN,NaN,NaN,NaN,7.423,NaN,NaN,NaN,NaN,NaN,NaN,NaN,NaN,29.66986,-95.0593,1
7/1/2022 20:05,NaN,NaN,NaN,NaN,NaN,NaN,7.35,NaN,NaN,NaN,NaN,NaN,NaN,NaN,NaN,29.66986,-95.0593,1
7/1/2022 20:10,NaN,NaN,NaN,NaN,NaN,NaN,7.416,NaN,NaN,NaN,NaN,NaN,NaN,NaN,NaN,29.66986,-95.0593,1
7/1/2022 20:15,NaN,NaN,NaN,NaN,NaN,NaN,7.354,NaN,NaN,NaN,NaN,NaN,NaN,NaN,NaN,29.66986,-95.0593,1
7/1/2022 20:20,NaN,NaN,NaN,NaN,NaN,NaN,7.308,NaN,NaN,NaN,NaN,NaN,NaN,NaN,NaN,29.66986,-95.0593,1
7/1/2022 20:25,NaN,NaN,NaN,NaN,NaN,NaN,7.249,NaN,NaN,NaN,NaN,NaN,NaN,NaN,NaN,29.66986,-95.0593,1
7/1/2022 20:30,NaN,NaN,NaN,NaN,NaN,NaN,NaN,NaN,NaN,NaN,NaN,NaN,NaN,NaN,NaN,29.66986,-95.0593,1
7/1/2022 20:35,NaN,NaN,NaN,NaN,NaN,NaN,NaN,NaN,NaN,NaN,NaN,NaN,NaN,NaN,NaN,29.66986,-95.0593,1
7/1/2022 20:40,NaN,NaN,NaN,NaN,NaN,NaN,NaN,NaN,NaN,NaN,NaN,NaN,NaN,NaN,NaN,29.66986,-95.0593,1
7/1/2022 20:45,NaN,NaN,NaN,NaN,NaN,NaN,NaN,NaN,NaN,NaN,NaN,NaN,NaN,NaN,NaN,29.66986,-95.0593,1
7/1/2022 20:50,NaN,NaN,NaN,NaN,NaN,NaN,NaN,NaN,NaN,NaN,NaN,NaN,NaN,NaN,NaN,29.66986,-95.0593,1
7/1/2022 20:55,NaN,NaN,NaN,0.286,NaN,NaN,8.264,NaN,NaN,NaN,NaN,NaN,NaN,NaN,NaN,29.66986,-95.0593,1
7/1/2022 21:00,NaN,NaN,NaN,NaN,NaN,NaN,7.916,NaN,NaN,NaN,NaN,NaN,NaN,NaN,NaN,29.66986,-95.0593,1
7/1/2022 21:05,NaN,NaN,NaN,NaN,NaN,NaN,7.723,NaN,NaN,NaN,NaN,NaN,NaN,NaN,NaN,29.66986,-95.0593,1
7/1/2022 21:10,NaN,NaN,NaN,NaN,NaN,NaN,7.648,NaN,NaN,NaN,NaN,NaN,NaN,NaN,NaN,29.66986,-95.0593,1
7/1/2022 21:15,NaN,NaN,NaN,NaN,NaN,NaN,7.645,NaN,NaN,NaN,NaN,NaN,NaN,NaN,NaN,29.66986,-95.0593,1
7/1/2022 21:20,NaN,NaN,NaN,NaN,NaN,NaN,7.595,NaN,NaN,NaN,NaN,NaN,NaN,NaN,NaN,29.66986,-95.0593,1
7/1/2022 21:25,NaN,NaN,NaN,NaN,NaN,NaN,7.807,NaN,NaN,NaN,NaN,NaN,NaN,NaN,NaN,29.66986,-95.0593,1
7/1/2022 21:30,NaN,NaN,NaN,NaN,NaN,NaN,NaN,NaN,NaN,NaN,NaN,NaN,NaN,NaN,NaN,29.66986,-95.0593,1
7/1/2022 21:35,NaN,NaN,NaN,NaN,NaN,NaN,NaN,NaN,NaN,NaN,NaN,NaN,NaN,NaN,NaN,29.66986,-95.0593,1
7/1/2022 21:40,NaN,NaN,NaN,NaN,NaN,NaN,NaN,NaN,NaN,NaN,NaN,NaN,NaN,NaN,NaN,29.66986,-95.0593,1
7/1/2022 21:45,NaN,NaN,NaN,NaN,NaN,NaN,NaN,NaN,NaN,NaN,NaN,NaN,NaN,NaN,NaN,29.66986,-95.0593,1
7/1/2022 21:50,NaN,NaN,NaN,NaN,NaN,NaN,NaN,NaN,NaN,NaN,NaN,NaN,NaN,NaN,NaN,29.66986,-95.0593,1
7/1/2022 21:55,0.11,NaN,2.009,NaN,NaN,NaN,NaN,7.713,0.468,NaN,NaN,NaN,NaN,NaN,NaN,29.66986,-95.0593,1
7/1/2022 22:00,0.134,1.2,2.303,NaN,NaN,NaN,NaN,7.412,0.54,0.115,NaN,NaN,NaN,NaN,NaN,29.66986,-95.0593,1
7/1/2022 22:05,0.154,2.951,2.447,0.065,NaN,NaN,0.304,7.148,0.775,0.216,NaN,NaN,NaN,NaN,NaN,29.66986,-95.0593,1
7/1/2022 22:10,0.158,1.676,1.978,NaN,NaN,NaN,NaN,6.215,0.831,NaN,NaN,NaN,NaN,NaN,NaN,29.66986,-95.0593,1
7/1/2022 22:15,0.159,1.644,1.793,NaN,NaN,NaN,NaN,5.418,1.369,NaN,NaN,NaN,NaN,NaN,NaN,29.66986,-95.0593,1
7/1/2022 22:20,0.153,1.437,2.602,NaN,NaN,NaN,NaN,7.249,2.199,NaN,NaN,NaN,NaN,NaN,NaN,29.66986,-95.0593,1
7/1/2022 22:25,0.138,1.506,3.41,NaN,NaN,NaN,NaN,7.95,2.352,NaN,NaN,NaN,0.29,NaN,NaN,29.66986,-95.0593,1
7/1/2022 22:30,NaN,NaN,NaN,NaN,NaN,NaN,NaN,NaN,NaN,NaN,NaN,NaN,NaN,NaN,NaN,29.66986,-95.0593,1
7/1/2022 22:35,NaN,NaN,NaN,NaN,NaN,NaN,NaN,NaN,NaN,NaN,NaN,NaN,NaN,NaN,NaN,29.66986,-95.0593,1
7/1/2022 22:40,NaN,NaN,NaN,NaN,NaN,NaN,NaN,NaN,NaN,NaN,NaN,NaN,NaN,NaN,NaN,29.66986,-95.0593,1
7/1/2022 22:45,NaN,NaN,NaN,NaN,NaN,NaN,NaN,NaN,NaN,NaN,NaN,NaN,NaN,NaN,NaN,29.66986,-95.0593,1
7/1/2022 22:50,NaN,NaN,NaN,NaN,NaN,NaN,NaN,NaN,NaN,NaN,NaN,NaN,NaN,NaN,NaN,29.66986,-95.0593,1
7/1/2022 22:55,NaN,NaN,NaN,NaN,NaN,NaN,NaN,NaN,NaN,NaN,NaN,NaN,NaN,NaN,NaN,29.66986,-95.0593,1
7/1/2022 23:00,0.186,1.478,1.802,NaN,NaN,NaN,NaN,0.528,NaN,0.627,NaN,NaN,NaN,0.593,NaN,29.66986,-95.0593,1
7/1/2022 23:05,0.248,1.374,1.875,NaN,NaN,NaN,NaN,0.477,NaN,0.949,NaN,NaN,NaN,NaN,NaN,29.66986,-95.0593,1
7/1/2022 23:10,0.229,1.448,1.837,NaN,NaN,NaN,NaN,0.333,NaN,0.912,NaN,NaN,NaN,NaN,NaN,29.66986,-95.0593,1
7/1/2022 23:15,0.23,1.471,1.837,NaN,NaN,NaN,NaN,0.296,0.227,1.061,NaN,NaN,NaN,NaN,NaN,29.66986,-95.0593,1
7/1/2022 23:20,0.238,1.443,1.966,NaN,NaN,NaN,NaN,0.323,0.13,0.837,NaN,NaN,NaN,NaN,NaN,29.66986,-95.0593,1
7/1/2022 23:25,0.197,3.131,5.614,0.117,NaN,NaN,0.359,2.54,0.467,0.215,NaN,NaN,0.422,NaN,NaN,29.66986,-95.0593,1
7/1/2022 23:30,NaN,NaN,NaN,NaN,NaN,NaN,NaN,NaN,NaN,NaN,NaN,NaN,NaN,NaN,NaN,29.66986,-95.0593,1
7/1/2022 23:35,NaN,NaN,NaN,NaN,NaN,NaN,NaN,NaN,NaN,NaN,NaN,NaN,NaN,NaN,NaN,29.66986,-95.0593,1
7/1/2022 23:40,NaN,NaN,NaN,NaN,NaN,NaN,NaN,NaN,NaN,NaN,NaN,NaN,NaN,NaN,NaN,29.66986,-95.0593,1
7/1/2022 23:45,NaN,NaN,NaN,NaN,NaN,NaN,NaN,NaN,NaN,NaN,NaN,NaN,NaN,NaN,NaN,29.66986,-95.0593,1
7/1/2022 23:50,NaN,NaN,NaN,NaN,NaN,NaN,NaN,NaN,NaN,NaN,NaN,NaN,NaN,NaN,NaN,29.66986,-95.0593,1
7/1/2022 23:55,NaN,NaN,NaN,NaN,NaN,NaN,NaN,NaN,NaN,NaN,NaN,NaN,NaN,NaN,NaN,29.66986,-95.0593,1
7/2/2022 0:00,0.173,1.78,8.218,NaN,NaN,NaN,NaN,6.363,0.709,NaN,NaN,NaN,0.644,0.569,NaN,29.66986,-95.0593,1
7/2/2022 0:05,0.174,1.457,6.877,0.061,NaN,NaN,NaN,3.956,0.578,NaN,NaN,NaN,0.508,0.583,NaN,29.66986,-95.0593,1
7/2/2022 0:10,0.188,1.45,4.03,0.088,NaN,NaN,NaN,1.448,NaN,0.471,NaN,NaN,0.218,0.888,NaN,29.66986,-95.0593,1
7/2/2022 0:15,0.171,1.368,4.737,0.065,NaN,NaN,NaN,1.426,0.157,0.206,NaN,NaN,0.204,0.961,NaN,29.66986,-95.0593,1
7/2/2022 0:20,0.194,1.479,4.871,0.078,NaN,NaN,NaN,1.379,NaN,0.314,NaN,NaN,0.2,1.058,NaN,29.66986,-95.0593,1
7/2/2022 0:25,0.201,1.379,3.412,0.067,NaN,NaN,NaN,1.028,NaN,0.694,NaN,NaN,NaN,0.809,NaN,29.66986,-95.0593,1
7/2/2022 0:30,0.28,1.371,3.869,0.145,NaN,NaN,0.242,1.971,NaN,0.321,NaN,0.539,NaN,NaN,NaN,29.66986,-95.0593,1
7/2/2022 0:35,NaN,NaN,NaN,NaN,NaN,NaN,NaN,NaN,NaN,NaN,NaN,NaN,NaN,NaN,NaN,29.66986,-95.0593,1
7/2/2022 0:40,NaN,NaN,NaN,NaN,NaN,NaN,NaN,NaN,NaN,NaN,NaN,NaN,NaN,NaN,NaN,29.66986,-95.0593,1
7/2/2022 0:45,NaN,NaN,NaN,NaN,NaN,NaN,NaN,NaN,NaN,NaN,NaN,NaN,NaN,NaN,NaN,29.66986,-95.0593,1
7/2/2022 0:50,NaN,NaN,NaN,NaN,NaN,NaN,NaN,NaN,NaN,NaN,NaN,NaN,NaN,NaN,NaN,29.66986,-95.0593,1
7/2/2022 0:55,NaN,NaN,NaN,NaN,NaN,NaN,NaN,NaN,NaN,NaN,NaN,NaN,NaN,NaN,NaN,29.66986,-95.0593,1
7/2/2022 1:00,0.211,1.967,1.693,NaN,NaN,0.209,0.262,0.389,0.363,0.657,NaN,2.184,6.114,NaN,NaN,29.66986,-95.0593,1
7/2/2022 1:05,0.213,1.948,1.792,NaN,NaN,0.258,0.4,0.404,0.343,0.656,NaN,2.439,7.515,0.609,NaN,29.66986,-95.0593,1
7/2/2022 1:10,0.174,1.796,1.52,0.069,NaN,NaN,0.224,0.352,NaN,0.281,NaN,0.99,4.117,0.497,NaN,29.66986,-95.0593,1
7/2/2022 1:15,0.149,1.672,1.288,0.087,NaN,NaN,NaN,0.302,NaN,NaN,NaN,NaN,0.448,NaN,NaN,29.66986,-95.0593,1
7/2/2022 1:20,0.142,1.614,1.247,NaN,NaN,NaN,NaN,0.263,NaN,NaN,NaN,NaN,0.394,NaN,NaN,29.66986,-95.0593,1
7/2/2022 1:25,0.167,1.393,1.344,NaN,NaN,NaN,NaN,0.285,NaN,NaN,NaN,0.77,2.052,NaN,NaN,29.66986,-95.0593,1
7/2/2022 1:30,0.144,1.358,1.388,NaN,NaN,NaN,NaN,0.149,NaN,NaN,NaN,1.142,2.486,NaN,NaN,29.66986,-95.0593,1
7/2/2022 1:35,NaN,NaN,NaN,NaN,NaN,NaN,NaN,NaN,NaN,NaN,NaN,NaN,NaN,NaN,NaN,29.66986,-95.0593,1
7/2/2022 1:40,NaN,NaN,NaN,NaN,NaN,NaN,NaN,NaN,NaN,NaN,NaN,NaN,NaN,NaN,NaN,29.66986,-95.0593,1
7/2/2022 1:45,NaN,NaN,NaN,NaN,NaN,NaN,NaN,NaN,NaN,NaN,NaN,NaN,NaN,NaN,NaN,29.66986,-95.0593,1
7/2/2022 1:50,NaN,NaN,NaN,NaN,NaN,NaN,NaN,NaN,NaN,NaN,NaN,NaN,NaN,NaN,NaN,29.66986,-95.0593,1
7/2/2022 1:55,NaN,NaN,NaN,NaN,NaN,NaN,NaN,NaN,NaN,NaN,NaN,NaN,NaN,NaN,NaN,29.66986,-95.0593,1
7/2/2022 2:00,0.166,1.442,1.271,NaN,NaN,NaN,NaN,NaN,NaN,NaN,NaN,0.968,2.398,NaN,NaN,29.66986,-95.0593,1
7/2/2022 2:05,0.19,3.292,1.608,NaN,NaN,NaN,0.393,0.275,NaN,0.211,NaN,0.812,2.082,NaN,0.396,29.66986,-95.0593,1
7/2/2022 2:10,0.2,1.942,1.312,NaN,NaN,NaN,0.27,0.319,NaN,0.102,NaN,0.728,2.208,NaN,NaN,29.66986,-95.0593,1
7/2/2022 2:15,0.224,1.834,1.24,NaN,NaN,NaN,0.222,0.416,NaN,0.48,NaN,NaN,0.512,NaN,NaN,29.66986,-95.0593,1
7/2/2022 2:20,0.196,1.837,1.271,NaN,NaN,NaN,0.211,0.369,NaN,0.218,NaN,0.503,1.039,NaN,NaN,29.66986,-95.0593,1
7/2/2022 2:25,0.184,1.755,1.362,0.103,NaN,NaN,0.204,0.251,NaN,NaN,NaN,0.687,2.01,NaN,NaN,29.66986,-95.0593,1
7/2/2022 2:30,0.214,1.671,1.275,0.454,NaN,NaN,0.174,0.227,NaN,NaN,NaN,NaN,1.696,NaN,NaN,29.66986,-95.0593,1
7/2/2022 2:35,NaN,NaN,NaN,NaN,NaN,NaN,NaN,NaN,NaN,NaN,NaN,NaN,NaN,NaN,NaN,29.66986,-95.0593,1
7/2/2022 2:40,NaN,NaN,NaN,NaN,NaN,NaN,NaN,NaN,NaN,NaN,NaN,NaN,NaN,NaN,NaN,29.66986,-95.0593,1
7/2/2022 2:45,NaN,NaN,NaN,NaN,NaN,NaN,NaN,NaN,NaN,NaN,NaN,NaN,NaN,NaN,NaN,29.66986,-95.0593,1
7/2/2022 2:50,NaN,NaN,NaN,NaN,NaN,NaN,NaN,NaN,NaN,NaN,NaN,NaN,NaN,NaN,NaN,29.66986,-95.0593,1
7/2/2022 2:55,NaN,NaN,NaN,NaN,NaN,NaN,NaN,NaN,NaN,NaN,NaN,NaN,NaN,NaN,NaN,29.66986,-95.0593,1
7/2/2022 3:00,0.111,1.27,0.797,0.094,NaN,NaN,NaN,NaN,NaN,NaN,NaN,NaN,NaN,NaN,NaN,29.66986,-95.0593,1
7/2/2022 3:05,0.133,1.156,0.939,0.123,NaN,NaN,NaN,NaN,NaN,NaN,NaN,NaN,NaN,NaN,NaN,29.66986,-95.0593,1
7/2/2022 3:10,0.125,1.091,0.912,0.07,NaN,NaN,NaN,0.182,NaN,NaN,NaN,NaN,NaN,NaN,NaN,29.66986,-95.0593,1
7/2/2022 3:15,0.138,1.163,0.915,NaN,NaN,NaN,NaN,0.226,NaN,NaN,NaN,NaN,NaN,NaN,NaN,29.66986,-95.0593,1
7/2/2022 3:20,0.109,1.106,0.879,NaN,NaN,NaN,NaN,0.238,NaN,NaN,NaN,NaN,NaN,NaN,NaN,29.66986,-95.0593,1
7/2/2022 3:25,0.136,1.591,1.146,NaN,NaN,NaN,0.229,0.249,NaN,NaN,NaN,NaN,0.195,NaN,NaN,29.66986,-95.0593,1
7/2/2022 3:30,0.131,1.479,0.928,0.131,NaN,NaN,NaN,0.216,NaN,NaN,NaN,NaN,NaN,NaN,NaN,29.66986,-95.0593,1
7/2/2022 3:35,NaN,NaN,NaN,NaN,NaN,NaN,NaN,NaN,NaN,NaN,NaN,NaN,NaN,NaN,NaN,29.66986,-95.0593,1
7/2/2022 3:40,NaN,NaN,NaN,NaN,NaN,NaN,NaN,NaN,NaN,NaN,NaN,NaN,NaN,NaN,NaN,29.66986,-95.0593,1
7/2/2022 3:45,NaN,NaN,NaN,NaN,NaN,NaN,NaN,NaN,NaN,NaN,NaN,NaN,NaN,NaN,NaN,29.66986,-95.0593,1
7/2/2022 3:50,NaN,NaN,NaN,NaN,NaN,NaN,NaN,NaN,NaN,NaN,NaN,NaN,NaN,NaN,NaN,29.66986,-95.0593,1
7/2/2022 3:55,NaN,NaN,NaN,NaN,NaN,NaN,NaN,NaN,NaN,NaN,NaN,NaN,NaN,NaN,NaN,29.66986,-95.0593,1
7/2/2022 4:00,NaN,1.711,0.81,NaN,NaN,NaN,NaN,0.176,NaN,NaN,NaN,NaN,NaN,NaN,NaN,29.66986,-95.0593,1
7/2/2022 4:05,0.128,1.194,0.942,0.065,NaN,NaN,NaN,0.363,NaN,NaN,NaN,NaN,NaN,NaN,NaN,29.66986,-95.0593,1
7/2/2022 4:10,0.128,1.21,0.883,0.099,NaN,NaN,NaN,0.327,NaN,NaN,NaN,NaN,NaN,NaN,NaN,29.66986,-95.0593,1
7/2/2022 4:15,0.144,1.154,0.843,0.071,NaN,NaN,NaN,0.334,NaN,NaN,NaN,NaN,NaN,NaN,NaN,29.66986,-95.0593,1
7/2/2022 4:20,0.135,1.123,0.885,0.084,NaN,NaN,NaN,0.287,NaN,NaN,NaN,NaN,NaN,NaN,NaN,29.66986,-95.0593,1
7/2/2022 4:25,0.127,1.022,0.849,0.077,NaN,NaN,NaN,0.358,NaN,NaN,NaN,NaN,NaN,NaN,NaN,29.66986,-95.0593,1
7/2/2022 4:30,0.117,1.119,0.843,0.071,NaN,NaN,NaN,0.267,NaN,NaN,NaN,NaN,NaN,NaN,NaN,29.66986,-95.0593,1
7/2/2022 4:35,NaN,NaN,NaN,NaN,NaN,NaN,NaN,NaN,NaN,NaN,NaN,NaN,NaN,NaN,NaN,29.66986,-95.0593,1
7/2/2022 4:40,NaN,NaN,NaN,NaN,NaN,NaN,NaN,NaN,NaN,NaN,NaN,NaN,NaN,NaN,NaN,29.66986,-95.0593,1
7/2/2022 4:45,NaN,NaN,NaN,NaN,NaN,NaN,NaN,NaN,NaN,NaN,NaN,NaN,NaN,NaN,NaN,29.66986,-95.0593,1
7/2/2022 4:50,NaN,NaN,NaN,NaN,NaN,NaN,NaN,NaN,NaN,NaN,NaN,NaN,NaN,NaN,NaN,29.66986,-95.0593,1
7/2/2022 4:55,NaN,NaN,NaN,NaN,NaN,NaN,NaN,NaN,NaN,NaN,NaN,NaN,NaN,NaN,NaN,29.66986,-95.0593,1
7/2/2022 5:00,0.12,1.55,0.749,NaN,NaN,NaN,NaN,NaN,NaN,NaN,NaN,NaN,NaN,NaN,NaN,29.66986,-95.0593,1
7/2/2022 5:05,0.139,1.719,0.925,0.073,NaN,NaN,NaN,NaN,NaN,NaN,NaN,NaN,NaN,NaN,NaN,29.66986,-95.0593,1
7/2/2022 5:10,0.154,1.753,1.003,0.087,NaN,NaN,NaN,0.232,NaN,NaN,NaN,NaN,NaN,NaN,NaN,29.66986,-95.0593,1
7/2/2022 5:15,0.151,1.587,0.927,0.077,NaN,NaN,NaN,0.187,NaN,NaN,NaN,NaN,NaN,NaN,NaN,29.66986,-95.0593,1
7/2/2022 5:20,0.162,1.505,0.894,0.074,NaN,NaN,NaN,0.152,NaN,NaN,NaN,NaN,NaN,NaN,NaN,29.66986,-95.0593,1
7/2/2022 5:25,0.16,1.188,0.929,0.088,NaN,NaN,NaN,0.171,NaN,NaN,NaN,NaN,NaN,NaN,NaN,29.66986,-95.0593,1
7/2/2022 5:30,0.179,1.217,0.922,0.109,NaN,NaN,NaN,NaN,NaN,NaN,NaN,NaN,NaN,NaN,NaN,29.66986,-95.0593,1
7/2/2022 5:35,NaN,NaN,NaN,NaN,NaN,NaN,NaN,NaN,NaN,NaN,NaN,NaN,NaN,NaN,NaN,29.66986,-95.0593,1
7/2/2022 5:40,NaN,NaN,NaN,NaN,NaN,NaN,NaN,NaN,NaN,NaN,NaN,NaN,NaN,NaN,NaN,29.66986,-95.0593,1
7/2/2022 5:45,NaN,NaN,NaN,NaN,NaN,NaN,NaN,NaN,NaN,NaN,NaN,NaN,NaN,NaN,NaN,29.66986,-95.0593,1
7/2/2022 5:50,NaN,NaN,NaN,NaN,NaN,NaN,NaN,NaN,NaN,NaN,NaN,NaN,NaN,NaN,NaN,29.66986,-95.0593,1
7/2/2022 5:55,NaN,NaN,NaN,NaN,NaN,NaN,NaN,NaN,NaN,NaN,NaN,NaN,NaN,NaN,NaN,29.66986,-95.0593,1
7/2/2022 6:00,0.13,NaN,0.699,NaN,NaN,NaN,NaN,NaN,NaN,NaN,NaN,NaN,NaN,NaN,NaN,29.66986,-95.0593,1
7/2/2022 6:05,0.155,2.098,1.037,0.105,NaN,NaN,NaN,NaN,NaN,NaN,NaN,NaN,NaN,NaN,NaN,29.66986,-95.0593,1
7/2/2022 6:10,0.154,1.543,0.895,0.077,0.198,NaN,NaN,NaN,NaN,NaN,NaN,NaN,NaN,NaN,NaN,29.66986,-95.0593,1
7/2/2022 6:15,0.139,1.656,0.96,0.108,0.237,NaN,NaN,NaN,NaN,NaN,NaN,NaN,NaN,NaN,NaN,29.66986,-95.0593,1
7/2/2022 6:20,0.151,1.579,0.958,0.087,0.214,NaN,NaN,NaN,NaN,NaN,NaN,NaN,NaN,NaN,NaN,29.66986,-95.0593,1
7/2/2022 6:25,0.163,1.571,0.934,0.086,0.248,NaN,NaN,0.187,NaN,NaN,NaN,NaN,NaN,NaN,NaN,29.66986,-95.0593,1
7/2/2022 6:30,0.192,1.56,0.899,0.084,0.259,NaN,NaN,0.149,NaN,NaN,NaN,NaN,NaN,NaN,NaN,29.66986,-95.0593,1
7/2/2022 6:35,NaN,NaN,NaN,NaN,NaN,NaN,NaN,NaN,NaN,NaN,NaN,NaN,NaN,NaN,NaN,29.66986,-95.0593,1
7/2/2022 6:40,NaN,NaN,NaN,NaN,NaN,NaN,NaN,NaN,NaN,NaN,NaN,NaN,NaN,NaN,NaN,29.66986,-95.0593,1
7/2/2022 6:45,NaN,NaN,NaN,NaN,NaN,NaN,NaN,NaN,NaN,NaN,NaN,NaN,NaN,NaN,NaN,29.66986,-95.0593,1
7/2/2022 6:50,NaN,NaN,NaN,NaN,NaN,NaN,NaN,NaN,NaN,NaN,NaN,NaN,NaN,NaN,NaN,29.66986,-95.0593,1
7/2/2022 6:55,NaN,NaN,NaN,NaN,NaN,NaN,NaN,NaN,NaN,NaN,NaN,NaN,NaN,NaN,NaN,29.66986,-95.0593,1
7/2/2022 7:00,0.133,NaN,0.72,NaN,0.724,NaN,NaN,NaN,NaN,NaN,NaN,NaN,NaN,NaN,NaN,29.66986,-95.0593,1
7/2/2022 7:05,0.142,1.142,0.853,NaN,0.753,NaN,NaN,NaN,NaN,NaN,NaN,NaN,NaN,NaN,NaN,29.66986,-95.0593,1
7/2/2022 7:10,0.156,1.262,0.895,0.078,0.793,NaN,NaN,NaN,NaN,NaN,NaN,NaN,NaN,NaN,NaN,29.66986,-95.0593,1
7/2/2022 7:15,0.181,1.258,0.93,0.066,0.812,NaN,NaN,0.218,NaN,NaN,NaN,NaN,NaN,NaN,NaN,29.66986,-95.0593,1
7/2/2022 7:20,0.167,1.199,0.953,0.062,0.94,NaN,NaN,0.174,NaN,NaN,NaN,NaN,NaN,NaN,NaN,29.66986,-95.0593,1
7/2/2022 7:25,0.171,2.722,1.452,0.073,0.872,NaN,0.301,0.212,NaN,NaN,NaN,NaN,NaN,NaN,0.231,29.66986,-95.0593,1
7/2/2022 7:30,0.144,1.513,1.286,0.071,0.729,NaN,NaN,0.157,NaN,NaN,NaN,NaN,NaN,NaN,NaN,29.66986,-95.0593,1
7/2/2022 7:35,NaN,NaN,NaN,NaN,NaN,NaN,NaN,NaN,NaN,NaN,NaN,NaN,NaN,NaN,NaN,29.66986,-95.0593,1
7/2/2022 7:40,NaN,NaN,NaN,NaN,NaN,NaN,NaN,NaN,NaN,NaN,NaN,NaN,NaN,NaN,NaN,29.66986,-95.0593,1
7/2/2022 7:45,NaN,NaN,NaN,NaN,NaN,NaN,NaN,NaN,NaN,NaN,NaN,NaN,NaN,NaN,NaN,29.66986,-95.0593,1
7/2/2022 7:50,NaN,NaN,NaN,NaN,NaN,NaN,NaN,NaN,NaN,NaN,NaN,NaN,NaN,NaN,NaN,29.66986,-95.0593,1
7/2/2022 7:55,NaN,NaN,NaN,NaN,NaN,NaN,NaN,NaN,NaN,NaN,NaN,NaN,NaN,NaN,NaN,29.66986,-95.0593,1
7/2/2022 8:00,0.123,NaN,1.44,NaN,0.725,0.179,NaN,NaN,NaN,NaN,NaN,NaN,NaN,NaN,NaN,29.66986,-95.0593,1
7/2/2022 8:05,0.139,1.487,1.457,NaN,0.624,NaN,NaN,NaN,NaN,NaN,NaN,NaN,NaN,NaN,NaN,29.66986,-95.0593,1
7/2/2022 8:10,0.149,1.503,1.336,NaN,0.532,NaN,NaN,0.217,NaN,NaN,NaN,NaN,NaN,NaN,NaN,29.66986,-95.0593,1
7/2/2022 8:15,0.155,1.488,1.399,NaN,0.613,0.189,NaN,0.25,NaN,NaN,NaN,NaN,NaN,NaN,NaN,29.66986,-95.0593,1
7/2/2022 8:20,0.161,1.532,1.357,NaN,0.71,0.213,NaN,0.225,NaN,NaN,NaN,NaN,NaN,NaN,NaN,29.66986,-95.0593,1
7/2/2022 8:25,0.152,1.418,1.429,NaN,0.537,0.227,NaN,0.197,NaN,NaN,NaN,NaN,NaN,NaN,NaN,29.66986,-95.0593,1
7/2/2022 8:30,0.131,1.458,1.296,NaN,0.575,0.204,NaN,0.214,NaN,NaN,NaN,NaN,NaN,NaN,NaN,29.66986,-95.0593,1
7/2/2022 8:35,NaN,NaN,NaN,NaN,NaN,NaN,NaN,NaN,NaN,NaN,NaN,NaN,NaN,NaN,NaN,29.66986,-95.0593,1
7/2/2022 8:40,NaN,NaN,NaN,NaN,NaN,NaN,NaN,NaN,NaN,NaN,NaN,NaN,NaN,NaN,NaN,29.66986,-95.0593,1
7/2/2022 8:45,NaN,NaN,NaN,NaN,NaN,NaN,NaN,NaN,NaN,NaN,NaN,NaN,NaN,NaN,NaN,29.66986,-95.0593,1
7/2/2022 8:50,NaN,NaN,NaN,NaN,NaN,NaN,NaN,NaN,NaN,NaN,NaN,NaN,NaN,NaN,NaN,29.66986,-95.0593,1
7/2/2022 8:55,NaN,NaN,NaN,NaN,NaN,NaN,NaN,NaN,NaN,NaN,NaN,NaN,NaN,NaN,NaN,29.66986,-95.0593,1
7/2/2022 9:00,NaN,NaN,NaN,NaN,NaN,NaN,NaN,NaN,NaN,NaN,NaN,NaN,NaN,NaN,NaN,29.66986,-95.0593,1
7/2/2022 9:05,0.135,1.872,1.464,0.08,0.47,0.192,NaN,NaN,NaN,NaN,NaN,NaN,NaN,NaN,NaN,29.66986,-95.0593,1
7/2/2022 9:10,0.142,1.852,1.795,0.077,0.536,0.171,0.205,0.207,NaN,NaN,NaN,NaN,NaN,NaN,NaN,29.66986,-95.0593,1
7/2/2022 9:15,0.139,1.914,1.873,0.121,0.603,0.217,0.184,0.244,NaN,NaN,NaN,NaN,NaN,NaN,NaN,29.66986,-95.0593,1
7/2/2022 9:20,0.146,1.778,1.901,NaN,0.525,0.167,0.189,0.24,NaN,NaN,NaN,NaN,NaN,NaN,NaN,29.66986,-95.0593,1
7/2/2022 9:25,0.15,1.497,1.653,NaN,0.426,0.206,0.192,0.339,NaN,NaN,NaN,NaN,NaN,NaN,NaN,29.66986,-95.0593,1
7/2/2022 9:30,0.149,1.478,1.578,NaN,0.527,0.232,0.17,0.287,NaN,NaN,NaN,NaN,NaN,NaN,NaN,29.66986,-95.0593,1
7/2/2022 9:35,NaN,NaN,NaN,NaN,NaN,NaN,NaN,NaN,NaN,NaN,NaN,NaN,NaN,NaN,NaN,29.66986,-95.0593,1
7/2/2022 9:40,NaN,NaN,NaN,NaN,NaN,NaN,NaN,NaN,NaN,NaN,NaN,NaN,NaN,NaN,NaN,29.66986,-95.0593,1
7/2/2022 9:45,NaN,NaN,NaN,NaN,NaN,NaN,NaN,NaN,NaN,NaN,NaN,NaN,NaN,NaN,NaN,29.66986,-95.0593,1
7/2/2022 9:50,NaN,NaN,NaN,NaN,NaN,NaN,NaN,NaN,NaN,NaN,NaN,NaN,NaN,NaN,NaN,29.66986,-95.0593,1
7/2/2022 9:55,NaN,NaN,NaN,NaN,NaN,NaN,NaN,NaN,NaN,NaN,NaN,NaN,NaN,NaN,NaN,29.66986,-95.0593,1
7/2/2022 10:00,NaN,NaN,NaN,NaN,NaN,NaN,NaN,NaN,NaN,NaN,NaN,NaN,NaN,NaN,NaN,29.66986,-95.0593,1
7/2/2022 10:05,0.151,2.066,3.897,0.109,0.865,0.349,0.659,0.35,NaN,0.505,NaN,NaN,NaN,NaN,0.224,29.66986,-95.0593,1
7/2/2022 10:10,0.142,2.094,2.488,0.091,0.667,0.372,0.328,0.334,NaN,0.151,NaN,NaN,NaN,NaN,0.236,29.66986,-95.0593,1
7/2/2022 10:15,0.161,2.028,2.373,0.089,0.657,0.361,0.34,0.284,NaN,0.142,NaN,NaN,NaN,NaN,NaN,29.66986,-95.0593,1
7/2/2022 10:20,0.179,2.146,2.129,0.065,0.852,0.429,0.344,0.267,NaN,0.168,NaN,NaN,NaN,NaN,0.213,29.66986,-95.0593,1
7/2/2022 10:25,0.166,2.108,2.086,0.102,0.94,0.387,0.34,0.266,NaN,NaN,NaN,NaN,NaN,NaN,NaN,29.66986,-95.0593,1
7/2/2022 10:30,0.163,2.104,2.075,NaN,0.573,0.316,0.297,0.31,NaN,NaN,NaN,NaN,NaN,NaN,0.221,29.66986,-95.0593,1
7/2/2022 10:35,0.203,2.275,2.162,0.128,0.653,0.295,0.329,0.291,NaN,NaN,NaN,NaN,NaN,NaN,NaN,29.66986,-95.0593,1
7/2/2022 10:40,NaN,NaN,NaN,NaN,NaN,NaN,NaN,NaN,NaN,NaN,NaN,NaN,NaN,NaN,NaN,29.66986,-95.0593,1
7/2/2022 10:45,NaN,NaN,NaN,NaN,NaN,NaN,NaN,NaN,NaN,NaN,NaN,NaN,NaN,NaN,NaN,29.66986,-95.0593,1
7/2/2022 10:50,NaN,NaN,NaN,NaN,NaN,NaN,NaN,NaN,NaN,NaN,NaN,NaN,NaN,NaN,NaN,29.66986,-95.0593,1
7/2/2022 10:55,NaN,NaN,NaN,NaN,NaN,NaN,NaN,NaN,NaN,NaN,NaN,NaN,NaN,NaN,NaN,29.66986,-95.0593,1
7/2/2022 11:00,NaN,NaN,NaN,NaN,NaN,NaN,NaN,NaN,NaN,NaN,NaN,NaN,NaN,NaN,NaN,29.66986,-95.0593,1
7/2/2022 11:05,0.253,1.756,1.887,NaN,0.535,0.506,0.798,0.891,NaN,0.444,NaN,NaN,NaN,NaN,NaN,29.66986,-95.0593,1
7/2/2022 11:10,0.276,1.837,2.166,NaN,0.39,0.605,0.878,1.126,NaN,0.417,NaN,NaN,NaN,NaN,NaN,29.66986,-95.0593,1
7/2/2022 11:15,0.306,1.876,2.056,0.084,0.425,0.614,0.905,1.308,NaN,0.363,NaN,NaN,NaN,NaN,NaN,29.66986,-95.0593,1
7/2/2022 11:20,0.288,1.89,2.098,0.064,0.611,0.615,0.896,1.354,NaN,0.469,NaN,NaN,NaN,NaN,NaN,29.66986,-95.0593,1
7/2/2022 11:25,0.709,3.131,3.578,0.096,0.57,0.79,1.745,4.069,NaN,1.755,NaN,NaN,NaN,NaN,0.353,29.66986,-95.0593,1
7/2/2022 11:30,0.487,2.52,2.788,0.081,0.662,0.862,1.372,2.582,NaN,1.018,NaN,NaN,NaN,NaN,NaN,29.66986,-95.0593,1
7/2/2022 11:35,0.455,2.609,2.605,0.108,0.617,1.007,1.239,2.543,NaN,1.055,NaN,NaN,NaN,NaN,0.748,29.66986,-95.0593,1
7/2/2022 11:40,NaN,NaN,NaN,NaN,NaN,NaN,NaN,NaN,NaN,NaN,NaN,NaN,NaN,NaN,NaN,29.66986,-95.0593,1
7/2/2022 11:45,NaN,NaN,NaN,NaN,NaN,NaN,NaN,NaN,NaN,NaN,NaN,NaN,NaN,NaN,NaN,29.66986,-95.0593,1
7/2/2022 11:50,NaN,NaN,NaN,NaN,NaN,NaN,NaN,NaN,NaN,NaN,NaN,NaN,NaN,NaN,NaN,29.66986,-95.0593,1
7/2/2022 11:55,NaN,NaN,NaN,NaN,NaN,NaN,NaN,NaN,NaN,NaN,NaN,NaN,NaN,NaN,NaN,29.66986,-95.0593,1
7/2/2022 12:00,NaN,NaN,NaN,NaN,NaN,NaN,NaN,NaN,NaN,NaN,NaN,NaN,NaN,NaN,NaN,29.66986,-95.0593,1
7/2/2022 12:05,NaN,NaN,NaN,NaN,NaN,NaN,NaN,NaN,NaN,NaN,NaN,NaN,NaN,NaN,NaN,29.66986,-95.0593,1
7/2/2022 12:10,NaN,NaN,NaN,NaN,NaN,NaN,NaN,NaN,NaN,NaN,NaN,NaN,NaN,NaN,NaN,29.66986,-95.0593,1
7/2/2022 12:15,NaN,NaN,NaN,NaN,NaN,NaN,NaN,NaN,NaN,NaN,NaN,NaN,NaN,NaN,NaN,29.66986,-95.0593,1
7/2/2022 12:20,NaN,NaN,NaN,NaN,NaN,NaN,NaN,NaN,NaN,NaN,NaN,NaN,NaN,NaN,NaN,29.66986,-95.0593,1
7/2/2022 12:25,NaN,NaN,NaN,NaN,NaN,NaN,NaN,NaN,NaN,NaN,NaN,NaN,NaN,NaN,NaN,29.66986,-95.0593,1
7/2/2022 12:30,NaN,NaN,NaN,NaN,NaN,NaN,NaN,NaN,NaN,NaN,NaN,NaN,NaN,NaN,NaN,29.66986,-95.0593,1
7/2/2022 12:35,NaN,NaN,NaN,NaN,NaN,NaN,NaN,NaN,NaN,NaN,NaN,NaN,NaN,NaN,NaN,29.66986,-95.0593,1
7/2/2022 12:40,NaN,NaN,NaN,NaN,NaN,NaN,NaN,NaN,NaN,NaN,NaN,NaN,NaN,NaN,NaN,29.66986,-95.0593,1
7/2/2022 12:45,NaN,NaN,NaN,NaN,NaN,NaN,NaN,NaN,NaN,NaN,NaN,NaN,NaN,NaN,NaN,29.66986,-95.0593,1
7/2/2022 12:50,NaN,NaN,NaN,NaN,NaN,NaN,NaN,NaN,NaN,NaN,NaN,NaN,NaN,NaN,NaN,29.66986,-95.0593,1
7/2/2022 12:55,NaN,NaN,NaN,NaN,NaN,NaN,NaN,NaN,NaN,NaN,NaN,NaN,NaN,NaN,NaN,29.66986,-95.0593,1
7/2/2022 13:00,NaN,NaN,NaN,NaN,NaN,NaN,NaN,NaN,NaN,NaN,NaN,NaN,NaN,NaN,NaN,29.66986,-95.0593,1
7/2/2022 13:05,0.508,3.123,2.413,0.079,0.307,0.361,1.246,2.657,NaN,1.042,NaN,0.78,2.419,NaN,NaN,29.66986,-95.0593,1
7/2/2022 13:10,0.529,2.7,2.63,0.082,0.479,0.552,1.505,2.878,NaN,1.13,NaN,0.531,1.344,NaN,NaN,29.66986,-95.0593,1
7/2/2022 13:15,0.515,2.645,2.704,0.064,0.56,0.609,1.389,2.861,NaN,1.074,NaN,0.495,0.464,NaN,NaN,29.66986,-95.0593,1
7/2/2022 13:20,0.52,2.735,2.639,NaN,0.443,0.575,1.489,2.83,NaN,1.359,NaN,NaN,0.413,NaN,NaN,29.66986,-95.0593,1
7/2/2022 13:25,0.385,2.623,2.61,0.077,0.691,0.742,1.171,1.992,NaN,1.745,NaN,0.499,0.748,NaN,NaN,29.66986,-95.0593,1
7/2/2022 13:30,0.38,3.187,2.697,0.069,0.94,0.816,1.184,1.806,NaN,1.88,NaN,0.803,1.606,NaN,NaN,29.66986,-95.0593,1
7/2/2022 13:35,0.466,3.378,3.361,0.096,0.557,0.883,1.749,1.905,NaN,1.819,NaN,1.682,3.596,0.562,0.377,29.66986,-95.0593,1
7/2/2022 13:40,NaN,NaN,NaN,NaN,NaN,NaN,NaN,NaN,NaN,NaN,NaN,NaN,NaN,NaN,NaN,29.66986,-95.0593,1
7/2/2022 13:45,NaN,NaN,NaN,NaN,NaN,NaN,NaN,NaN,NaN,NaN,NaN,NaN,NaN,NaN,NaN,29.66986,-95.0593,1
7/2/2022 13:50,NaN,NaN,NaN,NaN,NaN,NaN,NaN,NaN,NaN,NaN,NaN,NaN,NaN,NaN,NaN,29.66986,-95.0593,1
7/2/2022 13:55,NaN,NaN,NaN,NaN,NaN,NaN,NaN,NaN,NaN,NaN,NaN,NaN,NaN,NaN,NaN,29.66986,-95.0593,1
7/2/2022 14:00,NaN,NaN,NaN,NaN,NaN,NaN,NaN,NaN,NaN,NaN,NaN,NaN,NaN,NaN,NaN,29.66986,-95.0593,1
7/2/2022 14:05,0.607,NaN,2.552,NaN,0.674,0.715,1.996,3.462,NaN,1.586,NaN,0.756,1.626,NaN,NaN,29.66986,-95.0593,1
7/2/2022 14:10,0.557,2.437,2.675,NaN,0.746,0.824,1.93,2.659,NaN,1.203,NaN,1.135,2.11,NaN,0.259,29.66986,-95.0593,1
7/2/2022 14:15,0.572,2.592,2.923,0.071,0.701,1.026,2.556,2.835,NaN,1.395,NaN,2.492,4.917,0.421,0.224,29.66986,-95.0593,1
7/2/2022 14:20,0.627,2.607,3.284,0.065,0.613,1.01,2.654,2.79,NaN,1.384,NaN,2.462,4.858,0.437,0.342,29.66986,-95.0593,1
7/2/2022 14:25,0.702,2.597,3.572,NaN,0.54,0.942,2.271,2.616,0.256,1.393,NaN,2.11,3.767,0.466,0.307,29.66986,-95.0593,1
7/2/2022 14:30,0.64,2.565,3.483,0.111,0.62,0.826,2.049,2.488,0.297,1.442,NaN,2.29,3.419,0.403,0.26,29.66986,-95.0593,1
7/2/2022 14:35,0.646,2.681,3.367,0.075,0.691,0.815,2.01,2.423,0.278,1.548,NaN,2.143,3.385,0.395,0.23,29.66986,-95.0593,1
7/2/2022 14:40,NaN,NaN,NaN,NaN,NaN,NaN,NaN,NaN,NaN,NaN,NaN,NaN,NaN,NaN,NaN,29.66986,-95.0593,1
7/2/2022 14:45,NaN,NaN,NaN,NaN,NaN,NaN,NaN,NaN,NaN,NaN,NaN,NaN,NaN,NaN,NaN,29.66986,-95.0593,1
7/2/2022 14:50,NaN,NaN,NaN,NaN,NaN,NaN,NaN,NaN,NaN,NaN,NaN,NaN,NaN,NaN,NaN,29.66986,-95.0593,1
7/2/2022 14:55,NaN,NaN,NaN,NaN,NaN,NaN,NaN,NaN,NaN,NaN,NaN,NaN,NaN,NaN,NaN,29.66986,-95.0593,1
7/2/2022 15:00,NaN,NaN,NaN,NaN,NaN,NaN,NaN,NaN,NaN,NaN,NaN,NaN,NaN,NaN,NaN,29.66986,-95.0593,1
7/2/2022 15:05,0.207,NaN,1.877,NaN,0.372,0.286,0.388,0.543,NaN,0.285,NaN,NaN,NaN,NaN,NaN,29.66986,-95.0593,1
7/2/2022 15:10,0.27,1.802,2.216,NaN,0.354,0.452,0.56,0.776,NaN,0.444,NaN,NaN,NaN,NaN,NaN,29.66986,-95.0593,1
7/2/2022 15:15,0.26,1.862,2.375,0.069,0.372,0.553,0.556,0.859,NaN,0.71,NaN,NaN,NaN,NaN,NaN,29.66986,-95.0593,1
7/2/2022 15:20,0.249,1.853,2.307,0.067,0.376,0.599,0.55,0.748,NaN,1.165,NaN,NaN,NaN,NaN,0.204,29.66986,-95.0593,1
7/2/2022 15:25,0.472,3.682,4.922,0.14,0.72,0.706,1.294,2.101,NaN,1.921,NaN,0.412,0.193,NaN,0.5,29.66986,-95.0593,1
7/2/2022 15:30,0.257,2.139,2.873,0.068,0.59,0.601,0.636,0.831,NaN,0.979,NaN,NaN,NaN,NaN,0.29,29.66986,-95.0593,1
7/2/2022 15:35,0.248,2.135,3.179,NaN,0.721,0.649,0.55,0.89,0.292,1.128,NaN,NaN,NaN,NaN,0.284,29.66986,-95.0593,1
7/2/2022 15:40,NaN,NaN,NaN,NaN,NaN,NaN,NaN,NaN,NaN,NaN,NaN,NaN,NaN,NaN,NaN,29.66986,-95.0593,1
7/2/2022 15:45,NaN,NaN,NaN,NaN,NaN,NaN,NaN,NaN,NaN,NaN,NaN,NaN,NaN,NaN,NaN,29.66986,-95.0593,1
7/2/2022 15:50,NaN,NaN,NaN,NaN,NaN,NaN,NaN,NaN,NaN,NaN,NaN,NaN,NaN,NaN,NaN,29.66986,-95.0593,1
7/2/2022 15:55,NaN,NaN,NaN,NaN,NaN,NaN,NaN,NaN,NaN,NaN,NaN,NaN,NaN,NaN,NaN,29.66986,-95.0593,1
7/2/2022 16:00,NaN,NaN,NaN,NaN,NaN,NaN,NaN,NaN,NaN,NaN,NaN,NaN,NaN,NaN,NaN,29.66986,-95.0593,1
7/2/2022 16:05,0.126,NaN,1.623,NaN,0.408,0.173,0.208,0.406,NaN,NaN,NaN,NaN,NaN,NaN,NaN,29.66986,-95.0593,1
7/2/2022 16:10,0.151,1.422,1.714,NaN,0.543,0.259,0.242,0.363,NaN,NaN,NaN,NaN,NaN,NaN,NaN,29.66986,-95.0593,1
7/2/2022 16:15,0.162,1.352,1.603,NaN,0.394,0.225,0.304,0.494,NaN,NaN,NaN,NaN,NaN,NaN,NaN,29.66986,-95.0593,1
7/2/2022 16:20,0.178,1.464,1.69,NaN,0.403,0.232,0.273,0.359,NaN,NaN,NaN,NaN,NaN,NaN,NaN,29.66986,-95.0593,1
7/2/2022 16:25,0.158,1.501,1.692,NaN,0.418,0.173,0.269,0.327,0.141,NaN,NaN,NaN,NaN,NaN,NaN,29.66986,-95.0593,1
7/2/2022 16:30,0.162,1.653,1.634,NaN,0.438,0.202,0.297,0.386,0.593,NaN,NaN,NaN,NaN,NaN,NaN,29.66986,-95.0593,1
7/2/2022 16:35,0.168,1.656,1.761,NaN,0.384,0.195,0.309,0.396,0.977,NaN,NaN,NaN,NaN,NaN,NaN,29.66986,-95.0593,1
7/2/2022 16:40,NaN,NaN,NaN,NaN,NaN,NaN,NaN,NaN,NaN,NaN,NaN,NaN,NaN,NaN,NaN,29.66986,-95.0593,1
7/2/2022 16:45,NaN,NaN,NaN,NaN,NaN,NaN,NaN,NaN,NaN,NaN,NaN,NaN,NaN,NaN,NaN,29.66986,-95.0593,1
7/2/2022 16:50,NaN,NaN,NaN,NaN,NaN,NaN,NaN,NaN,NaN,NaN,NaN,NaN,NaN,NaN,NaN,29.66986,-95.0593,1
7/2/2022 16:55,NaN,NaN,NaN,NaN,NaN,NaN,NaN,NaN,NaN,NaN,NaN,NaN,NaN,NaN,NaN,29.66986,-95.0593,1
7/2/2022 17:00,NaN,NaN,NaN,NaN,NaN,NaN,NaN,NaN,NaN,NaN,NaN,NaN,NaN,NaN,NaN,29.66986,-95.0593,1
7/2/2022 17:05,0.12,NaN,1.139,NaN,0.803,0.407,0.23,0.152,NaN,0.11,NaN,NaN,1.119,NaN,NaN,29.66986,-95.0593,1
7/2/2022 17:10,0.176,1.682,1.414,NaN,0.716,0.375,0.399,0.385,NaN,NaN,NaN,0.533,1.155,NaN,NaN,29.66986,-95.0593,1
7/2/2022 17:15,0.21,1.677,1.324,NaN,0.457,0.345,0.373,0.409,NaN,0.193,NaN,NaN,0.25,NaN,NaN,29.66986,-95.0593,1
7/2/2022 17:20,0.202,1.673,1.436,NaN,0.536,0.393,0.379,0.342,NaN,0.286,NaN,NaN,NaN,NaN,NaN,29.66986,-95.0593,1
7/2/2022 17:25,0.185,1.439,1.408,NaN,0.624,0.417,0.305,0.378,NaN,0.266,NaN,NaN,NaN,NaN,0.232,29.66986,-95.0593,1
7/2/2022 17:30,0.182,1.26,1.281,NaN,0.592,0.427,0.204,0.323,NaN,0.191,NaN,NaN,NaN,NaN,NaN,29.66986,-95.0593,1
7/2/2022 17:35,0.182,1.345,1.122,NaN,0.502,0.349,0.194,0.337,NaN,0.189,NaN,NaN,NaN,NaN,0.26,29.66986,-95.0593,1
7/2/2022 17:40,NaN,NaN,NaN,NaN,NaN,NaN,NaN,NaN,NaN,NaN,NaN,NaN,NaN,NaN,NaN,29.66986,-95.0593,1
7/2/2022 17:45,NaN,NaN,NaN,NaN,NaN,NaN,NaN,NaN,NaN,NaN,NaN,NaN,NaN,NaN,NaN,29.66986,-95.0593,1
7/2/2022 17:50,NaN,NaN,NaN,NaN,NaN,NaN,NaN,NaN,NaN,NaN,NaN,NaN,NaN,NaN,NaN,29.66986,-95.0593,1
7/2/2022 17:55,NaN,NaN,NaN,NaN,NaN,NaN,NaN,NaN,NaN,NaN,NaN,NaN,NaN,NaN,NaN,29.66986,-95.0593,1
7/2/2022 18:00,NaN,NaN,NaN,NaN,NaN,NaN,NaN,NaN,NaN,NaN,NaN,NaN,NaN,NaN,NaN,29.66986,-95.0593,1
7/2/2022 18:05,NaN,NaN,1.019,NaN,0.479,NaN,NaN,0.213,NaN,0.448,NaN,NaN,NaN,NaN,NaN,29.66986,-95.0593,1
7/2/2022 18:10,0.178,1.633,1.388,NaN,0.583,0.182,0.338,0.255,NaN,0.726,NaN,NaN,NaN,NaN,NaN,29.66986,-95.0593,1
7/2/2022 18:15,0.201,1.611,1.441,NaN,0.519,0.21,0.362,0.298,NaN,1.451,NaN,NaN,NaN,NaN,0.252,29.66986,-95.0593,1
7/2/2022 18:20,0.181,1.433,1.204,NaN,0.483,0.172,0.282,0.357,NaN,0.921,NaN,NaN,NaN,NaN,0.245,29.66986,-95.0593,1
7/2/2022 18:25,0.185,1.443,1.212,0.065,0.48,0.182,0.302,0.296,NaN,2.985,NaN,NaN,NaN,NaN,NaN,29.66986,-95.0593,1
7/2/2022 18:30,0.199,1.42,1.33,NaN,0.524,0.161,0.284,0.359,NaN,2.514,NaN,NaN,NaN,NaN,0.206,29.66986,-95.0593,1
7/2/2022 18:35,0.167,1.356,1.286,NaN,0.54,NaN,0.282,0.297,NaN,1.075,NaN,NaN,NaN,NaN,NaN,29.66986,-95.0593,1
7/2/2022 18:40,NaN,NaN,NaN,NaN,NaN,NaN,NaN,NaN,NaN,NaN,NaN,NaN,NaN,NaN,NaN,29.66986,-95.0593,1
7/2/2022 18:45,NaN,NaN,NaN,NaN,NaN,NaN,NaN,NaN,NaN,NaN,NaN,NaN,NaN,NaN,NaN,29.66986,-95.0593,1
7/2/2022 18:50,NaN,NaN,NaN,NaN,NaN,NaN,NaN,NaN,NaN,NaN,NaN,NaN,NaN,NaN,NaN,29.66986,-95.0593,1
7/2/2022 18:55,NaN,NaN,NaN,NaN,NaN,NaN,NaN,NaN,NaN,NaN,NaN,NaN,NaN,NaN,NaN,29.66986,-95.0593,1
7/2/2022 19:00,NaN,NaN,NaN,NaN,NaN,NaN,NaN,NaN,NaN,NaN,NaN,NaN,NaN,NaN,NaN,29.66986,-95.0593,1
7/2/2022 19:05,NaN,NaN,NaN,NaN,NaN,NaN,NaN,NaN,NaN,NaN,NaN,NaN,NaN,NaN,NaN,29.66986,-95.0593,1
7/2/2022 19:10,0.232,1.303,1.075,NaN,0.336,NaN,NaN,0.192,NaN,1.141,NaN,NaN,NaN,NaN,NaN,29.66986,-95.0593,1
7/2/2022 19:15,0.202,1.204,1.179,NaN,0.248,NaN,0.181,0.196,NaN,0.689,NaN,NaN,NaN,NaN,NaN,29.66986,-95.0593,1
7/2/2022 19:20,0.206,1.094,1.056,NaN,0.23,NaN,NaN,0.227,NaN,0.506,NaN,NaN,NaN,NaN,NaN,29.66986,-95.0593,1
7/2/2022 19:25,0.259,2.42,1.422,NaN,0.269,NaN,0.605,0.418,NaN,0.969,NaN,NaN,NaN,NaN,0.207,29.66986,-95.0593,1
7/2/2022 19:30,0.193,1.353,1.181,NaN,0.19,NaN,0.263,0.264,NaN,0.919,NaN,NaN,NaN,NaN,NaN,29.66986,-95.0593,1
7/2/2022 19:35,0.169,1.27,1.119,NaN,0.173,NaN,0.228,0.259,NaN,0.65,NaN,NaN,NaN,NaN,0.247,29.66986,-95.0593,1
7/2/2022 19:40,NaN,NaN,NaN,NaN,NaN,NaN,NaN,NaN,NaN,NaN,NaN,NaN,NaN,NaN,NaN,29.66986,-95.0593,1
7/2/2022 19:45,NaN,NaN,NaN,NaN,NaN,NaN,NaN,NaN,NaN,NaN,NaN,NaN,NaN,NaN,NaN,29.66986,-95.0593,1
7/2/2022 19:50,NaN,NaN,NaN,NaN,NaN,NaN,NaN,NaN,NaN,NaN,NaN,NaN,NaN,NaN,NaN,29.66986,-95.0593,1
7/2/2022 19:55,NaN,NaN,NaN,NaN,NaN,NaN,NaN,NaN,NaN,NaN,NaN,NaN,NaN,NaN,NaN,29.66986,-95.0593,1
7/2/2022 20:00,NaN,NaN,NaN,NaN,NaN,NaN,NaN,NaN,NaN,NaN,NaN,NaN,NaN,NaN,NaN,29.66986,-95.0593,1
7/2/2022 20:05,NaN,NaN,NaN,NaN,NaN,NaN,NaN,NaN,NaN,NaN,NaN,NaN,NaN,NaN,NaN,29.66986,-95.0593,1
7/2/2022 20:10,NaN,NaN,NaN,NaN,NaN,NaN,2.466,NaN,NaN,NaN,NaN,NaN,NaN,NaN,NaN,29.66986,-95.0593,1
7/2/2022 20:15,0.184,0.845,0.788,NaN,NaN,NaN,NaN,0.192,NaN,0.413,1.123,0.691,NaN,NaN,0.345,29.66986,-95.0593,1
7/2/2022 20:20,0.175,0.766,0.911,NaN,NaN,NaN,NaN,NaN,NaN,0.543,0.587,0.667,NaN,NaN,NaN,29.66986,-95.0593,1
7/2/2022 20:25,0.162,0.773,0.883,NaN,NaN,NaN,NaN,NaN,NaN,0.445,NaN,NaN,NaN,NaN,NaN,29.66986,-95.0593,1
7/2/2022 20:30,0.145,0.764,0.826,NaN,NaN,NaN,NaN,NaN,NaN,0.21,NaN,NaN,NaN,NaN,NaN,29.66986,-95.0593,1
7/2/2022 20:35,0.14,0.746,0.837,NaN,NaN,NaN,NaN,NaN,NaN,NaN,NaN,NaN,NaN,NaN,NaN,29.66986,-95.0593,1
7/2/2022 20:40,0.15,0.784,0.813,NaN,NaN,NaN,NaN,NaN,NaN,NaN,NaN,NaN,NaN,NaN,NaN,29.66986,-95.0593,1
7/2/2022 20:45,NaN,NaN,NaN,NaN,NaN,NaN,NaN,NaN,NaN,NaN,NaN,NaN,NaN,NaN,NaN,29.66986,-95.0593,1
7/2/2022 20:50,NaN,NaN,NaN,NaN,NaN,NaN,NaN,NaN,NaN,NaN,NaN,NaN,NaN,NaN,NaN,29.66986,-95.0593,1
7/2/2022 20:55,NaN,NaN,NaN,NaN,NaN,NaN,NaN,NaN,NaN,NaN,NaN,NaN,NaN,NaN,NaN,29.66986,-95.0593,1
7/2/2022 21:00,NaN,NaN,NaN,NaN,NaN,NaN,NaN,NaN,NaN,NaN,NaN,NaN,NaN,NaN,NaN,29.66986,-95.0593,1
7/2/2022 21:05,NaN,NaN,NaN,NaN,NaN,NaN,NaN,NaN,NaN,NaN,NaN,NaN,NaN,NaN,NaN,29.66986,-95.0593,1
7/2/2022 21:10,0.161,NaN,0.857,NaN,NaN,NaN,NaN,NaN,NaN,0.918,NaN,NaN,NaN,NaN,NaN,29.66986,-95.0593,1
7/2/2022 21:15,0.165,1.234,0.966,NaN,NaN,NaN,NaN,NaN,NaN,0.501,NaN,NaN,NaN,NaN,NaN,29.66986,-95.0593,1
7/2/2022 21:20,0.189,1.183,0.993,NaN,NaN,NaN,NaN,NaN,NaN,0.298,NaN,NaN,NaN,NaN,NaN,29.66986,-95.0593,1
7/2/2022 21:25,0.182,1.17,0.994,NaN,NaN,NaN,0.171,NaN,NaN,0.418,NaN,NaN,NaN,NaN,NaN,29.66986,-95.0593,1
7/2/2022 21:30,0.184,0.991,1.033,NaN,NaN,NaN,NaN,NaN,NaN,0.314,NaN,NaN,NaN,NaN,NaN,29.66986,-95.0593,1
7/2/2022 21:35,0.185,0.838,0.973,NaN,NaN,NaN,NaN,0.178,NaN,0.304,NaN,NaN,NaN,NaN,NaN,29.66986,-95.0593,1
7/2/2022 21:40,0.173,0.868,0.943,NaN,NaN,NaN,NaN,0.181,NaN,0.31,NaN,NaN,NaN,NaN,NaN,29.66986,-95.0593,1
7/2/2022 21:45,NaN,NaN,NaN,NaN,NaN,NaN,NaN,NaN,NaN,NaN,NaN,NaN,NaN,NaN,NaN,29.66986,-95.0593,1
7/2/2022 21:50,NaN,NaN,NaN,NaN,NaN,NaN,NaN,NaN,NaN,NaN,NaN,NaN,NaN,NaN,NaN,29.66986,-95.0593,1
7/2/2022 21:55,NaN,NaN,NaN,NaN,NaN,NaN,NaN,NaN,NaN,NaN,NaN,NaN,NaN,NaN,NaN,29.66986,-95.0593,1
7/2/2022 22:00,NaN,NaN,NaN,NaN,NaN,NaN,NaN,NaN,NaN,NaN,NaN,NaN,NaN,NaN,NaN,29.66986,-95.0593,1
7/2/2022 22:05,NaN,NaN,NaN,NaN,NaN,NaN,NaN,NaN,NaN,NaN,NaN,NaN,NaN,NaN,NaN,29.66986,-95.0593,1
7/2/2022 22:10,NaN,NaN,NaN,NaN,NaN,NaN,NaN,NaN,NaN,NaN,NaN,NaN,NaN,NaN,NaN,29.66986,-95.0593,1
7/2/2022 22:15,0.157,1.331,1.059,NaN,NaN,NaN,NaN,NaN,NaN,0.815,NaN,NaN,NaN,NaN,NaN,29.66986,-95.0593,1
7/2/2022 22:20,0.168,1.362,1.076,NaN,NaN,NaN,0.178,NaN,NaN,0.539,NaN,NaN,NaN,NaN,NaN,29.66986,-95.0593,1
7/2/2022 22:25,0.162,1.126,1.027,NaN,NaN,NaN,0.185,0.154,NaN,0.302,NaN,NaN,NaN,NaN,0.225,29.66986,-95.0593,1
7/2/2022 22:30,0.155,1.063,0.929,NaN,NaN,NaN,NaN,0.191,NaN,0.105,NaN,NaN,NaN,NaN,NaN,29.66986,-95.0593,1
7/2/2022 22:35,0.153,1.177,0.891,NaN,NaN,NaN,NaN,0.162,NaN,NaN,NaN,NaN,NaN,NaN,NaN,29.66986,-95.0593,1
7/2/2022 22:40,0.168,1.213,0.825,NaN,NaN,NaN,NaN,0.192,NaN,NaN,NaN,NaN,NaN,NaN,NaN,29.66986,-95.0593,1
7/2/2022 22:45,NaN,NaN,NaN,NaN,NaN,NaN,NaN,NaN,NaN,NaN,NaN,NaN,NaN,NaN,NaN,29.66986,-95.0593,1
7/2/2022 22:50,NaN,NaN,NaN,NaN,NaN,NaN,NaN,NaN,NaN,NaN,NaN,NaN,NaN,NaN,NaN,29.66986,-95.0593,1
7/2/2022 22:55,NaN,NaN,NaN,NaN,NaN,NaN,NaN,NaN,NaN,NaN,NaN,NaN,NaN,NaN,NaN,29.66986,-95.0593,1
7/2/2022 23:00,NaN,NaN,NaN,NaN,NaN,NaN,NaN,NaN,NaN,NaN,NaN,NaN,NaN,NaN,NaN,29.66986,-95.0593,1
7/2/2022 23:05,NaN,NaN,NaN,NaN,NaN,NaN,NaN,NaN,NaN,NaN,NaN,NaN,NaN,NaN,NaN,29.66986,-95.0593,1
7/2/2022 23:10,NaN,NaN,NaN,NaN,NaN,NaN,NaN,NaN,NaN,NaN,NaN,NaN,NaN,NaN,NaN,29.66986,-95.0593,1
7/2/2022 23:15,0.158,1.084,0.882,NaN,NaN,NaN,NaN,NaN,NaN,NaN,NaN,NaN,1.297,NaN,NaN,29.66986,-95.0593,1
7/2/2022 23:20,0.167,0.954,0.907,NaN,NaN,NaN,NaN,NaN,NaN,NaN,NaN,NaN,0.337,NaN,NaN,29.66986,-95.0593,1
7/2/2022 23:25,0.145,1.007,0.855,NaN,NaN,NaN,NaN,0.171,NaN,NaN,NaN,0.472,0.706,NaN,NaN,29.66986,-95.0593,1
7/2/2022 23:30,0.172,2.282,1.271,NaN,NaN,NaN,0.402,0.202,NaN,0.144,NaN,0.96,1.125,NaN,0.318,29.66986,-95.0593,1
7/2/2022 23:35,0.192,1.401,1.027,NaN,NaN,NaN,0.206,0.267,NaN,0.104,NaN,1.118,1.573,NaN,0.26,29.66986,-95.0593,1
7/2/2022 23:40,0.193,1.512,1.228,NaN,NaN,NaN,0.29,0.251,NaN,NaN,NaN,1.517,1.418,NaN,NaN,29.66986,-95.0593,1
7/2/2022 23:45,0.202,1.405,1.096,0.155,NaN,NaN,0.333,0.397,NaN,0.113,NaN,2.201,1.975,NaN,0.381,29.66986,-95.0593,1
7/2/2022 23:50,NaN,NaN,NaN,NaN,NaN,NaN,NaN,NaN,NaN,NaN,NaN,NaN,NaN,NaN,NaN,29.66986,-95.0593,1
7/2/2022 23:55,NaN,NaN,NaN,NaN,NaN,NaN,NaN,NaN,NaN,NaN,NaN,NaN,NaN,NaN,NaN,29.66986,-95.0593,1
7/3/2022 0:00,NaN,NaN,NaN,NaN,NaN,NaN,NaN,NaN,NaN,NaN,NaN,NaN,NaN,NaN,NaN,29.66986,-95.0593,1
7/3/2022 0:05,NaN,NaN,NaN,NaN,NaN,NaN,NaN,NaN,NaN,NaN,NaN,NaN,NaN,NaN,NaN,29.66986,-95.0593,1
7/3/2022 0:10,NaN,NaN,NaN,NaN,NaN,NaN,NaN,NaN,NaN,NaN,NaN,NaN,NaN,NaN,NaN,29.66986,-95.0593,1
7/3/2022 0:15,0.126,1.092,0.745,NaN,NaN,NaN,NaN,NaN,NaN,NaN,NaN,NaN,NaN,NaN,NaN,29.66986,-95.0593,1
7/3/2022 0:20,0.131,1.021,0.837,NaN,NaN,NaN,NaN,NaN,NaN,NaN,NaN,NaN,0.373,NaN,NaN,29.66986,-95.0593,1
7/3/2022 0:25,0.154,1,0.82,NaN,NaN,NaN,NaN,0.194,NaN,NaN,NaN,1.34,2.003,NaN,NaN,29.66986,-95.0593,1
7/3/2022 0:30,0.169,1.054,0.929,NaN,NaN,NaN,0.354,0.243,NaN,NaN,NaN,1.71,2.647,NaN,NaN,29.66986,-95.0593,1
7/3/2022 0:35,0.185,1.119,0.997,NaN,NaN,NaN,0.532,0.295,NaN,NaN,NaN,0.472,0.802,NaN,NaN,29.66986,-95.0593,1
7/3/2022 0:40,0.204,1.069,0.965,NaN,NaN,NaN,0.555,0.298,NaN,NaN,NaN,NaN,0.559,NaN,NaN,29.66986,-95.0593,1
7/3/2022 0:45,0.233,1.111,1.097,NaN,NaN,NaN,0.602,0.234,NaN,NaN,NaN,NaN,0.632,NaN,NaN,29.66986,-95.0593,1
7/3/2022 0:50,NaN,NaN,NaN,NaN,NaN,NaN,NaN,NaN,NaN,NaN,NaN,NaN,NaN,NaN,NaN,29.66986,-95.0593,1
7/3/2022 0:55,NaN,NaN,NaN,NaN,NaN,NaN,NaN,NaN,NaN,NaN,NaN,NaN,NaN,NaN,NaN,29.66986,-95.0593,1
7/3/2022 1:00,NaN,NaN,NaN,NaN,NaN,NaN,NaN,NaN,NaN,NaN,NaN,NaN,NaN,NaN,NaN,29.66986,-95.0593,1
7/3/2022 1:05,NaN,NaN,NaN,NaN,NaN,NaN,NaN,NaN,NaN,NaN,NaN,NaN,NaN,NaN,NaN,29.66986,-95.0593,1
7/3/2022 1:10,NaN,NaN,NaN,NaN,NaN,NaN,NaN,NaN,NaN,NaN,NaN,NaN,NaN,NaN,NaN,29.66986,-95.0593,1
7/3/2022 1:15,0.139,1.311,0.879,NaN,NaN,NaN,NaN,NaN,NaN,NaN,NaN,NaN,0.333,NaN,NaN,29.66986,-95.0593,1
7/3/2022 1:20,0.142,1.265,0.86,NaN,NaN,NaN,NaN,0.173,NaN,NaN,NaN,NaN,0.533,NaN,0.259,29.66986,-95.0593,1
7/3/2022 1:25,0.156,1.283,0.941,NaN,NaN,NaN,NaN,0.156,NaN,NaN,NaN,NaN,0.505,NaN,0.294,29.66986,-95.0593,1
7/3/2022 1:30,0.166,1.268,1.018,NaN,NaN,NaN,NaN,0.162,NaN,NaN,NaN,NaN,NaN,NaN,0.246,29.66986,-95.0593,1
7/3/2022 1:35,0.148,0.983,0.891,NaN,NaN,NaN,NaN,0.173,NaN,0.107,NaN,0.474,0.557,NaN,NaN,29.66986,-95.0593,1
7/3/2022 1:40,0.153,1.019,0.934,NaN,NaN,NaN,0.252,0.211,NaN,NaN,NaN,0.785,1.101,NaN,NaN,29.66986,-95.0593,1
7/3/2022 1:45,0.159,1.007,0.976,NaN,NaN,NaN,0.247,0.259,NaN,NaN,NaN,1.004,1.243,NaN,NaN,29.66986,-95.0593,1
7/3/2022 1:50,NaN,NaN,NaN,NaN,NaN,NaN,NaN,NaN,NaN,NaN,NaN,NaN,NaN,NaN,NaN,29.66986,-95.0593,1
7/3/2022 1:55,NaN,NaN,NaN,NaN,NaN,NaN,NaN,NaN,NaN,NaN,NaN,NaN,NaN,NaN,NaN,29.66986,-95.0593,1
7/3/2022 2:00,NaN,NaN,NaN,NaN,NaN,NaN,NaN,NaN,NaN,NaN,NaN,NaN,NaN,NaN,NaN,29.66986,-95.0593,1
7/3/2022 2:05,NaN,NaN,NaN,NaN,NaN,NaN,NaN,NaN,NaN,NaN,NaN,NaN,NaN,NaN,NaN,29.66986,-95.0593,1
7/3/2022 2:10,NaN,NaN,NaN,NaN,NaN,NaN,NaN,NaN,NaN,NaN,NaN,NaN,NaN,NaN,NaN,29.66986,-95.0593,1
7/3/2022 2:15,0.144,1.465,0.88,NaN,NaN,NaN,NaN,NaN,NaN,NaN,NaN,NaN,NaN,NaN,0.231,29.66986,-95.0593,1
7/3/2022 2:20,0.153,1.393,0.946,NaN,NaN,NaN,NaN,NaN,NaN,NaN,NaN,NaN,0.304,NaN,0.223,29.66986,-95.0593,1
7/3/2022 2:25,0.183,1.332,0.881,NaN,NaN,NaN,NaN,0.186,NaN,NaN,NaN,0.463,0.594,NaN,NaN,29.66986,-95.0593,1
7/3/2022 2:30,0.152,1.321,0.849,NaN,NaN,NaN,NaN,0.189,NaN,NaN,NaN,NaN,0.31,NaN,0.29,29.66986,-95.0593,1
7/3/2022 2:35,0.161,1.253,0.857,0.067,NaN,NaN,NaN,0.193,NaN,NaN,NaN,NaN,0.191,NaN,0.259,29.66986,-95.0593,1
7/3/2022 2:40,0.152,1.202,0.86,0.065,NaN,NaN,NaN,NaN,NaN,NaN,NaN,NaN,NaN,NaN,NaN,29.66986,-95.0593,1
7/3/2022 2:45,0.137,1.265,0.903,NaN,NaN,NaN,NaN,NaN,NaN,NaN,NaN,NaN,0.199,NaN,NaN,29.66986,-95.0593,1
7/3/2022 2:50,NaN,NaN,NaN,NaN,NaN,NaN,NaN,NaN,NaN,NaN,NaN,NaN,NaN,NaN,NaN,29.66986,-95.0593,1
7/3/2022 2:55,NaN,NaN,NaN,NaN,NaN,NaN,NaN,NaN,NaN,NaN,NaN,NaN,NaN,NaN,NaN,29.66986,-95.0593,1
7/3/2022 3:00,NaN,NaN,NaN,NaN,NaN,NaN,NaN,NaN,NaN,NaN,NaN,NaN,NaN,NaN,NaN,29.66986,-95.0593,1
7/3/2022 3:05,NaN,NaN,NaN,NaN,NaN,NaN,NaN,NaN,NaN,NaN,NaN,NaN,NaN,NaN,NaN,29.66986,-95.0593,1
7/3/2022 3:10,NaN,NaN,NaN,NaN,NaN,NaN,NaN,NaN,NaN,NaN,NaN,NaN,NaN,NaN,NaN,29.66986,-95.0593,1
7/3/2022 3:15,0.113,1.009,0.796,NaN,NaN,NaN,NaN,NaN,NaN,NaN,NaN,NaN,NaN,NaN,NaN,29.66986,-95.0593,1
7/3/2022 3:20,0.124,1.003,0.852,NaN,NaN,NaN,NaN,NaN,NaN,NaN,NaN,NaN,NaN,NaN,NaN,29.66986,-95.0593,1
7/3/2022 3:25,0.142,0.997,0.811,NaN,NaN,NaN,NaN,0.283,NaN,NaN,NaN,NaN,NaN,NaN,0.259,29.66986,-95.0593,1
7/3/2022 3:30,0.163,1.795,1.099,NaN,NaN,NaN,0.204,0.36,NaN,0.141,NaN,NaN,NaN,NaN,0.345,29.66986,-95.0593,1
7/3/2022 3:35,0.149,1.314,0.92,NaN,NaN,NaN,NaN,0.436,NaN,NaN,NaN,NaN,NaN,NaN,0.262,29.66986,-95.0593,1
7/3/2022 3:40,0.132,1.33,0.909,0.095,NaN,NaN,NaN,0.398,NaN,NaN,NaN,NaN,NaN,NaN,NaN,29.66986,-95.0593,1
7/3/2022 3:45,0.156,1.241,0.9,NaN,NaN,NaN,NaN,0.458,NaN,NaN,NaN,NaN,NaN,NaN,0.268,29.66986,-95.0593,1
7/3/2022 3:50,NaN,NaN,NaN,NaN,NaN,NaN,NaN,NaN,NaN,NaN,NaN,NaN,NaN,NaN,NaN,29.66986,-95.0593,1
7/3/2022 3:55,NaN,NaN,NaN,NaN,NaN,NaN,NaN,NaN,NaN,NaN,NaN,NaN,NaN,NaN,NaN,29.66986,-95.0593,1
7/3/2022 4:00,NaN,NaN,NaN,NaN,NaN,NaN,NaN,NaN,NaN,NaN,NaN,NaN,NaN,NaN,NaN,29.66986,-95.0593,1
7/3/2022 4:05,NaN,NaN,NaN,NaN,NaN,NaN,NaN,NaN,NaN,NaN,NaN,NaN,NaN,NaN,NaN,29.66986,-95.0593,1
7/3/2022 4:10,NaN,NaN,NaN,NaN,NaN,NaN,NaN,NaN,NaN,NaN,NaN,NaN,NaN,NaN,NaN,29.66986,-95.0593,1
7/3/2022 4:15,0.1,1.06,0.728,NaN,NaN,NaN,NaN,NaN,NaN,NaN,NaN,NaN,NaN,NaN,NaN,29.66986,-95.0593,1
7/3/2022 4:20,0.13,0.979,0.78,NaN,NaN,NaN,NaN,0.154,NaN,NaN,NaN,NaN,NaN,NaN,NaN,29.66986,-95.0593,1
7/3/2022 4:25,0.138,0.984,0.797,0.099,NaN,NaN,NaN,0.204,NaN,NaN,NaN,NaN,NaN,NaN,NaN,29.66986,-95.0593,1
7/3/2022 4:30,0.128,0.968,0.825,0.068,NaN,NaN,NaN,0.337,NaN,NaN,NaN,NaN,NaN,NaN,0.211,29.66986,-95.0593,1
7/3/2022 4:35,0.135,1.045,0.751,NaN,NaN,NaN,NaN,0.236,NaN,NaN,NaN,NaN,NaN,NaN,NaN,29.66986,-95.0593,1
7/3/2022 4:40,0.133,0.979,0.783,NaN,NaN,NaN,NaN,0.164,NaN,NaN,NaN,NaN,NaN,NaN,NaN,29.66986,-95.0593,1
7/3/2022 4:45,0.131,1.034,0.795,NaN,NaN,NaN,NaN,0.222,NaN,NaN,NaN,NaN,NaN,NaN,NaN,29.66986,-95.0593,1
7/3/2022 4:50,NaN,NaN,NaN,NaN,NaN,NaN,NaN,NaN,NaN,NaN,NaN,NaN,NaN,NaN,NaN,29.66986,-95.0593,1
7/3/2022 4:55,NaN,NaN,NaN,NaN,NaN,NaN,NaN,NaN,NaN,NaN,NaN,NaN,NaN,NaN,NaN,29.66986,-95.0593,1
7/3/2022 5:00,NaN,NaN,NaN,NaN,NaN,NaN,NaN,NaN,NaN,NaN,NaN,NaN,NaN,NaN,NaN,29.66986,-95.0593,1
7/3/2022 5:05,NaN,NaN,NaN,NaN,NaN,NaN,NaN,NaN,NaN,NaN,NaN,NaN,NaN,NaN,NaN,29.66986,-95.0593,1
7/3/2022 5:10,NaN,NaN,NaN,NaN,NaN,NaN,NaN,NaN,NaN,NaN,NaN,NaN,NaN,NaN,NaN,29.66986,-95.0593,1
7/3/2022 5:15,0.124,NaN,0.66,NaN,NaN,NaN,NaN,NaN,NaN,NaN,NaN,NaN,NaN,NaN,NaN,29.66986,-95.0593,1
7/3/2022 5:20,0.155,1.282,0.813,NaN,NaN,NaN,NaN,NaN,NaN,0.276,NaN,0.914,0.473,NaN,NaN,29.66986,-95.0593,1
7/3/2022 5:25,0.144,1.266,0.921,0.061,NaN,NaN,NaN,0.183,NaN,0.283,NaN,1.402,1.377,NaN,0.202,29.66986,-95.0593,1
7/3/2022 5:30,0.156,1.133,0.903,0.071,NaN,NaN,NaN,0.2,NaN,NaN,NaN,NaN,0.369,NaN,NaN,29.66986,-95.0593,1
7/3/2022 5:35,0.152,0.914,0.836,NaN,NaN,NaN,NaN,0.189,NaN,NaN,NaN,NaN,0.251,NaN,0.25,29.66986,-95.0593,1
7/3/2022 5:40,0.142,0.873,0.746,NaN,NaN,NaN,NaN,0.159,NaN,NaN,NaN,NaN,0.229,NaN,0.258,29.66986,-95.0593,1
7/3/2022 5:45,0.153,0.971,0.816,0.077,NaN,NaN,NaN,0.168,NaN,NaN,NaN,NaN,NaN,NaN,NaN,29.66986,-95.0593,1
7/3/2022 5:50,NaN,NaN,NaN,NaN,NaN,NaN,NaN,NaN,NaN,NaN,NaN,NaN,NaN,NaN,NaN,29.66986,-95.0593,1
7/3/2022 5:55,NaN,NaN,NaN,NaN,NaN,NaN,NaN,NaN,NaN,NaN,NaN,NaN,NaN,NaN,NaN,29.66986,-95.0593,1
7/3/2022 6:00,NaN,NaN,NaN,NaN,NaN,NaN,NaN,NaN,NaN,NaN,NaN,NaN,NaN,NaN,NaN,29.66986,-95.0593,1
7/3/2022 6:05,NaN,NaN,NaN,NaN,NaN,NaN,NaN,NaN,NaN,NaN,NaN,NaN,NaN,NaN,NaN,29.66986,-95.0593,1
7/3/2022 6:10,NaN,NaN,NaN,NaN,NaN,NaN,NaN,NaN,NaN,NaN,NaN,NaN,NaN,NaN,NaN,29.66986,-95.0593,1
7/3/2022 6:15,0.134,NaN,0.859,NaN,0.21,NaN,NaN,NaN,NaN,NaN,NaN,NaN,NaN,NaN,NaN,29.66986,-95.0593,1
7/3/2022 6:20,0.159,1.38,1.015,NaN,0.437,NaN,NaN,0.288,NaN,NaN,NaN,NaN,NaN,NaN,0.272,29.66986,-95.0593,1
7/3/2022 6:25,0.144,1.328,0.966,NaN,0.403,NaN,NaN,0.459,NaN,NaN,NaN,NaN,NaN,NaN,NaN,29.66986,-95.0593,1
7/3/2022 6:30,0.162,1.236,0.944,NaN,0.433,NaN,NaN,0.318,NaN,NaN,NaN,NaN,NaN,NaN,0.292,29.66986,-95.0593,1
7/3/2022 6:35,0.149,1.261,0.96,NaN,0.482,NaN,NaN,0.384,NaN,NaN,NaN,NaN,NaN,NaN,NaN,29.66986,-95.0593,1
7/3/2022 6:40,0.125,1.305,0.951,NaN,0.508,NaN,NaN,0.375,NaN,NaN,NaN,NaN,NaN,NaN,NaN,29.66986,-95.0593,1
7/3/2022 6:45,0.155,1.282,0.95,NaN,0.434,NaN,NaN,0.28,NaN,NaN,NaN,NaN,NaN,NaN,NaN,29.66986,-95.0593,1
7/3/2022 6:50,NaN,NaN,NaN,NaN,NaN,NaN,NaN,NaN,NaN,NaN,NaN,NaN,NaN,NaN,NaN,29.66986,-95.0593,1
7/3/2022 6:55,NaN,NaN,NaN,NaN,NaN,NaN,NaN,NaN,NaN,NaN,NaN,NaN,NaN,NaN,NaN,29.66986,-95.0593,1
7/3/2022 7:00,NaN,NaN,NaN,NaN,NaN,NaN,NaN,NaN,NaN,NaN,NaN,NaN,NaN,NaN,NaN,29.66986,-95.0593,1
7/3/2022 7:05,NaN,NaN,NaN,NaN,NaN,NaN,NaN,NaN,NaN,NaN,NaN,NaN,NaN,NaN,NaN,29.66986,-95.0593,1
7/3/2022 7:10,NaN,NaN,NaN,NaN,NaN,NaN,NaN,NaN,NaN,NaN,NaN,NaN,NaN,NaN,NaN,29.66986,-95.0593,1
7/3/2022 7:15,NaN,NaN,0.786,NaN,0.509,NaN,NaN,NaN,NaN,NaN,NaN,NaN,NaN,NaN,NaN,29.66986,-95.0593,1
7/3/2022 7:20,0.14,1.235,1.016,NaN,0.551,NaN,NaN,NaN,NaN,NaN,NaN,NaN,NaN,NaN,NaN,29.66986,-95.0593,1
7/3/2022 7:25,0.147,1.252,1.023,0.06,0.554,NaN,NaN,0.169,NaN,NaN,NaN,NaN,NaN,NaN,NaN,29.66986,-95.0593,1
7/3/2022 7:30,0.175,2.759,1.478,0.064,0.657,0.162,0.326,0.268,NaN,0.16,NaN,NaN,NaN,NaN,0.363,29.66986,-95.0593,1
7/3/2022 7:35,0.189,1.507,1.159,NaN,0.63,NaN,NaN,0.245,NaN,NaN,NaN,NaN,NaN,NaN,0.239,29.66986,-95.0593,1
7/3/2022 7:40,0.171,1.457,1.07,0.061,0.66,NaN,NaN,0.27,NaN,NaN,NaN,NaN,NaN,NaN,NaN,29.66986,-95.0593,1
7/3/2022 7:45,0.162,1.541,1.157,NaN,0.903,0.267,NaN,0.275,NaN,NaN,NaN,NaN,NaN,NaN,NaN,29.66986,-95.0593,1
7/3/2022 7:50,NaN,NaN,NaN,NaN,NaN,NaN,NaN,NaN,NaN,NaN,NaN,NaN,NaN,NaN,NaN,29.66986,-95.0593,1
7/3/2022 7:55,NaN,NaN,NaN,NaN,NaN,NaN,NaN,NaN,NaN,NaN,NaN,NaN,NaN,NaN,NaN,29.66986,-95.0593,1
7/3/2022 8:00,NaN,NaN,NaN,NaN,NaN,NaN,NaN,NaN,NaN,NaN,NaN,NaN,NaN,NaN,NaN,29.66986,-95.0593,1
7/3/2022 8:05,NaN,NaN,NaN,NaN,NaN,NaN,NaN,NaN,NaN,NaN,NaN,NaN,NaN,NaN,NaN,29.66986,-95.0593,1
7/3/2022 8:10,NaN,NaN,NaN,NaN,NaN,NaN,NaN,NaN,NaN,NaN,NaN,NaN,NaN,NaN,NaN,29.66986,-95.0593,1
7/3/2022 8:15,NaN,NaN,NaN,NaN,NaN,NaN,NaN,NaN,NaN,NaN,NaN,NaN,NaN,NaN,NaN,29.66986,-95.0593,1
7/3/2022 8:20,0.123,1.385,0.967,NaN,0.447,0.243,NaN,NaN,NaN,NaN,NaN,NaN,NaN,NaN,NaN,29.66986,-95.0593,1
7/3/2022 8:25,0.151,1.527,1.066,0.095,0.64,0.276,NaN,0.255,NaN,NaN,NaN,NaN,0.202,NaN,0.222,29.66986,-95.0593,1
7/3/2022 8:30,0.174,1.769,1.116,NaN,0.441,0.196,NaN,0.309,NaN,NaN,NaN,NaN,NaN,NaN,0.209,29.66986,-95.0593,1
7/3/2022 8:35,0.167,1.683,1.124,NaN,0.556,0.288,NaN,0.28,NaN,NaN,NaN,NaN,NaN,NaN,0.203,29.66986,-95.0593,1
7/3/2022 8:40,0.17,2.514,1.141,NaN,0.608,0.286,NaN,0.293,NaN,NaN,NaN,NaN,NaN,NaN,NaN,29.66986,-95.0593,1
7/3/2022 8:45,0.184,2.62,1.332,NaN,0.505,0.42,0.175,0.206,NaN,NaN,NaN,NaN,NaN,NaN,0.271,29.66986,-95.0593,1
7/3/2022 8:50,NaN,NaN,NaN,NaN,NaN,NaN,NaN,NaN,NaN,NaN,NaN,NaN,NaN,NaN,NaN,29.66986,-95.0593,1
7/3/2022 8:55,NaN,NaN,NaN,NaN,NaN,NaN,NaN,NaN,NaN,NaN,NaN,NaN,NaN,NaN,NaN,29.66986,-95.0593,1
7/3/2022 9:00,NaN,NaN,NaN,NaN,NaN,NaN,NaN,NaN,NaN,NaN,NaN,NaN,NaN,NaN,NaN,29.66986,-95.0593,1
7/3/2022 9:05,NaN,NaN,NaN,NaN,NaN,NaN,NaN,NaN,NaN,NaN,NaN,NaN,NaN,NaN,NaN,29.66986,-95.0593,1
7/3/2022 9:10,NaN,NaN,NaN,NaN,NaN,NaN,NaN,NaN,NaN,NaN,NaN,NaN,NaN,NaN,NaN,29.66986,-95.0593,1
7/3/2022 9:15,NaN,NaN,NaN,NaN,NaN,NaN,NaN,NaN,NaN,NaN,NaN,NaN,NaN,NaN,NaN,29.66986,-95.0593,1
7/3/2022 9:20,0.191,2.207,2.49,NaN,0.547,0.336,0.372,0.444,NaN,0.203,NaN,NaN,NaN,NaN,NaN,29.66986,-95.0593,1
7/3/2022 9:25,0.236,2.086,2.491,NaN,0.522,0.441,0.555,0.71,NaN,0.276,NaN,NaN,NaN,NaN,0.238,29.66986,-95.0593,1
7/3/2022 9:30,0.164,0.544,0.62,NaN,0.211,NaN,NaN,0.34,NaN,NaN,NaN,NaN,0.319,NaN,0.29,29.66986,-95.0593,1
7/3/2022 9:35,0.137,NaN,NaN,NaN,NaN,NaN,NaN,NaN,NaN,NaN,NaN,NaN,0.409,NaN,0.473,29.66986,-95.0593,1
7/3/2022 9:40,0.166,1.371,1.435,NaN,0.418,0.293,0.279,0.582,NaN,0.268,NaN,NaN,0.801,NaN,0.419,29.66986,-95.0593,1
7/3/2022 9:45,0.229,2.27,2.447,NaN,0.68,0.48,0.43,0.6,NaN,0.173,NaN,NaN,0.192,NaN,0.628,29.66986,-95.0593,1
7/3/2022 9:50,0.162,2.148,2.666,NaN,0.486,0.445,0.471,0.704,NaN,0.14,0.532,NaN,NaN,NaN,0.635,29.66986,-95.0593,1
7/3/2022 9:55,NaN,NaN,NaN,NaN,NaN,NaN,NaN,NaN,NaN,NaN,NaN,NaN,NaN,NaN,NaN,29.66986,-95.0593,1
7/3/2022 10:00,NaN,NaN,NaN,NaN,NaN,NaN,NaN,NaN,NaN,NaN,NaN,NaN,NaN,NaN,NaN,29.66986,-95.0593,1
7/3/2022 10:05,NaN,NaN,NaN,NaN,NaN,NaN,NaN,NaN,NaN,NaN,NaN,NaN,NaN,NaN,NaN,29.66986,-95.0593,1
7/3/2022 10:10,NaN,NaN,NaN,NaN,NaN,NaN,NaN,NaN,NaN,NaN,NaN,NaN,NaN,NaN,NaN,29.66986,-95.0593,1
7/3/2022 10:15,NaN,NaN,NaN,NaN,NaN,NaN,NaN,NaN,NaN,NaN,NaN,NaN,NaN,NaN,NaN,29.66986,-95.0593,1
7/3/2022 10:20,0.177,6.807,3.3,0.108,0.706,0.396,0.345,0.341,NaN,0.11,NaN,NaN,NaN,NaN,NaN,29.66986,-95.0593,1
7/3/2022 10:25,0.189,6.318,3.265,0.096,0.574,0.416,0.32,0.465,NaN,NaN,NaN,NaN,NaN,NaN,0.288,29.66986,-95.0593,1
7/3/2022 10:30,0.21,5.934,3.052,0.114,0.701,0.469,0.428,0.447,NaN,0.165,NaN,NaN,NaN,NaN,NaN,29.66986,-95.0593,1
7/3/2022 10:35,0.186,5.598,3.307,0.177,0.488,0.53,0.544,0.621,NaN,0.621,NaN,NaN,NaN,NaN,NaN,29.66986,-95.0593,1
7/3/2022 10:40,NaN,NaN,NaN,NaN,NaN,NaN,NaN,NaN,NaN,NaN,NaN,NaN,NaN,NaN,NaN,29.66986,-95.0593,1
7/3/2022 10:45,0.119,NaN,1.245,NaN,0.267,0.433,NaN,NaN,NaN,NaN,NaN,NaN,NaN,NaN,NaN,29.66986,-95.0593,1
7/3/2022 10:50,0.141,1.228,1.406,NaN,0.3,0.281,NaN,0.237,NaN,NaN,NaN,NaN,NaN,NaN,0.254,29.66986,-95.0593,1
7/3/2022 10:55,NaN,NaN,NaN,NaN,NaN,NaN,NaN,NaN,NaN,NaN,NaN,NaN,NaN,NaN,NaN,29.66986,-95.0593,1
7/3/2022 11:00,NaN,NaN,NaN,NaN,NaN,NaN,NaN,NaN,NaN,NaN,NaN,NaN,NaN,NaN,NaN,29.66986,-95.0593,1
7/3/2022 11:05,NaN,NaN,NaN,NaN,NaN,NaN,NaN,NaN,NaN,NaN,NaN,NaN,NaN,NaN,NaN,29.66986,-95.0593,1
7/3/2022 11:10,0.177,2.168,1.646,NaN,0.587,0.224,0.293,0.456,NaN,NaN,NaN,NaN,NaN,NaN,NaN,29.66986,-95.0593,1
7/3/2022 11:15,0.134,1.388,1.118,NaN,0.486,NaN,NaN,0.255,NaN,NaN,NaN,NaN,NaN,NaN,NaN,29.66986,-95.0593,1
7/3/2022 11:20,0.162,1.801,1.683,NaN,0.53,0.26,0.255,0.187,NaN,NaN,NaN,NaN,NaN,NaN,NaN,29.66986,-95.0593,1
7/3/2022 11:25,0.132,1.303,1.334,NaN,0.468,NaN,NaN,NaN,NaN,NaN,NaN,NaN,NaN,NaN,NaN,29.66986,-95.0593,1
7/3/2022 11:30,0.129,1.12,1.069,NaN,0.483,NaN,NaN,NaN,NaN,NaN,NaN,NaN,NaN,NaN,NaN,NaN,NaN,1
7/3/2022 11:35,0.141,1.075,0.965,NaN,0.483,NaN,NaN,0.157,NaN,NaN,NaN,NaN,NaN,NaN,NaN,NaN,NaN,1
7/3/2022 11:40,0.128,0.971,0.917,NaN,0.487,NaN,NaN,NaN,NaN,NaN,NaN,NaN,NaN,NaN,NaN,NaN,NaN,1
7/3/2022 11:45,0.122,1.135,0.952,NaN,0.582,NaN,NaN,NaN,NaN,NaN,NaN,NaN,NaN,NaN,NaN,NaN,NaN,1
7/3/2022 11:50,0.138,1.239,0.998,NaN,0.529,NaN,NaN,NaN,NaN,NaN,NaN,NaN,NaN,NaN,NaN,NaN,NaN,1
7/3/2022 11:55,0.121,1.156,0.893,NaN,0.485,NaN,NaN,NaN,NaN,NaN,NaN,NaN,NaN,NaN,NaN,NaN,NaN,1
7/3/2022 12:00,0.122,1.104,0.907,NaN,0.501,NaN,NaN,NaN,NaN,NaN,NaN,NaN,NaN,NaN,NaN,NaN,NaN,1
7/3/2022 12:05,0.122,1.101,0.908,NaN,0.523,NaN,NaN,0.185,NaN,NaN,NaN,NaN,NaN,NaN,NaN,NaN,NaN,1
7/3/2022 12:10,0.124,1.007,0.952,NaN,0.558,NaN,NaN,NaN,NaN,NaN,NaN,NaN,NaN,NaN,NaN,NaN,NaN,1
7/3/2022 12:15,0.116,0.793,0.835,NaN,0.518,NaN,NaN,NaN,NaN,NaN,NaN,NaN,NaN,NaN,NaN,NaN,NaN,1
7/3/2022 12:20,NaN,0.681,0.687,NaN,0.413,NaN,NaN,NaN,NaN,NaN,NaN,NaN,NaN,NaN,NaN,NaN,NaN,1
7/3/2022 12:25,NaN,0.795,0.793,NaN,0.468,NaN,NaN,NaN,NaN,NaN,NaN,NaN,NaN,NaN,NaN,NaN,NaN,1
7/3/2022 12:30,0.101,1.006,0.88,NaN,0.478,NaN,NaN,NaN,NaN,NaN,NaN,NaN,NaN,NaN,NaN,NaN,NaN,1
7/3/2022 12:35,0.102,0.932,0.864,NaN,0.324,NaN,NaN,NaN,NaN,NaN,NaN,NaN,NaN,NaN,NaN,NaN,NaN,1
7/3/2022 12:40,NaN,0.797,0.786,NaN,0.312,NaN,NaN,NaN,NaN,NaN,NaN,NaN,NaN,NaN,NaN,NaN,NaN,1
7/3/2022 12:45,4.911,7.603,6.424,7.484,7.702,11.992,6.063,NaN,7.119,5.841,11.721,11.593,4.109,2.388,7.489,NaN,NaN,1
7/3/2022 12:50,0.349,NaN,NaN,NaN,NaN,NaN,NaN,NaN,NaN,NaN,NaN,NaN,NaN,NaN,NaN,NaN,NaN,1
7/3/2022 12:55,NaN,NaN,NaN,NaN,NaN,NaN,NaN,NaN,NaN,NaN,NaN,NaN,NaN,NaN,NaN,NaN,NaN,1
7/3/2022 13:00,NaN,0.614,NaN,NaN,NaN,NaN,NaN,NaN,NaN,NaN,NaN,NaN,NaN,NaN,NaN,NaN,NaN,1
7/3/2022 13:05,NaN,2.166,NaN,NaN,NaN,NaN,NaN,NaN,NaN,NaN,NaN,NaN,NaN,NaN,NaN,NaN,NaN,1
7/3/2022 13:10,0.107,1.271,0.902,NaN,0.546,NaN,NaN,NaN,NaN,NaN,NaN,NaN,NaN,NaN,NaN,NaN,NaN,1
7/3/2022 13:15,0.125,1.049,0.982,NaN,0.207,NaN,NaN,NaN,NaN,NaN,NaN,NaN,NaN,NaN,NaN,NaN,NaN,1
7/3/2022 13:20,NaN,0.394,NaN,NaN,NaN,NaN,NaN,NaN,NaN,NaN,NaN,NaN,NaN,NaN,NaN,NaN,NaN,1
7/3/2022 13:25,NaN,NaN,NaN,NaN,NaN,NaN,NaN,NaN,NaN,NaN,NaN,NaN,NaN,NaN,NaN,NaN,NaN,1
7/3/2022 13:30,NaN,NaN,NaN,NaN,NaN,NaN,NaN,NaN,NaN,NaN,NaN,NaN,NaN,NaN,NaN,NaN,NaN,1
7/3/2022 13:35,NaN,NaN,NaN,NaN,NaN,NaN,NaN,NaN,NaN,NaN,NaN,NaN,NaN,NaN,NaN,NaN,NaN,1
7/3/2022 13:40,NaN,NaN,NaN,NaN,NaN,NaN,NaN,NaN,NaN,NaN,NaN,NaN,NaN,NaN,NaN,NaN,NaN,1
7/3/2022 13:45,NaN,NaN,NaN,NaN,NaN,NaN,NaN,NaN,NaN,NaN,NaN,NaN,NaN,NaN,NaN,NaN,NaN,1
7/3/2022 13:50,NaN,NaN,NaN,NaN,NaN,NaN,NaN,NaN,NaN,NaN,NaN,NaN,NaN,NaN,NaN,NaN,NaN,1
7/3/2022 13:55,NaN,1.174,NaN,NaN,NaN,NaN,NaN,NaN,NaN,NaN,NaN,NaN,NaN,NaN,NaN,NaN,NaN,1
7/3/2022 14:00,NaN,1.764,0.697,NaN,NaN,NaN,NaN,NaN,NaN,NaN,NaN,NaN,NaN,NaN,NaN,NaN,NaN,1
7/3/2022 14:05,NaN,NaN,NaN,NaN,NaN,NaN,NaN,NaN,NaN,NaN,NaN,NaN,NaN,NaN,NaN,NaN,NaN,1
7/3/2022 14:10,NaN,NaN,NaN,NaN,NaN,NaN,NaN,NaN,NaN,NaN,NaN,NaN,NaN,NaN,NaN,29.90172,-95.32496,1
7/3/2022 14:15,NaN,NaN,NaN,NaN,NaN,NaN,6.604,NaN,NaN,NaN,NaN,NaN,NaN,NaN,NaN,29.90172,-95.32496,1
7/3/2022 14:20,NaN,NaN,NaN,NaN,NaN,NaN,6.85,NaN,NaN,NaN,NaN,NaN,NaN,NaN,NaN,29.90172,-95.32496,1
7/3/2022 14:25,NaN,NaN,NaN,NaN,NaN,NaN,7.063,NaN,NaN,NaN,NaN,NaN,NaN,NaN,NaN,29.90172,-95.32496,1
7/3/2022 14:30,NaN,NaN,NaN,NaN,NaN,NaN,7.103,NaN,NaN,NaN,NaN,NaN,NaN,NaN,NaN,29.90172,-95.32496,1
7/3/2022 14:35,NaN,NaN,NaN,NaN,NaN,NaN,7.206,NaN,NaN,NaN,NaN,NaN,NaN,NaN,NaN,29.90172,-95.32496,1
7/3/2022 14:40,NaN,NaN,NaN,NaN,NaN,NaN,8.078,NaN,NaN,NaN,NaN,NaN,NaN,NaN,NaN,29.90172,-95.32496,1
7/3/2022 14:45,NaN,NaN,NaN,NaN,NaN,NaN,8.858,NaN,NaN,NaN,NaN,NaN,NaN,NaN,NaN,29.90172,-95.32496,1
7/3/2022 14:50,NaN,NaN,NaN,NaN,NaN,NaN,NaN,NaN,NaN,NaN,NaN,NaN,NaN,NaN,NaN,29.90172,-95.32496,1
7/3/2022 14:55,NaN,NaN,NaN,NaN,NaN,NaN,NaN,NaN,NaN,NaN,NaN,NaN,NaN,NaN,NaN,29.90172,-95.32496,1
7/3/2022 15:00,NaN,NaN,NaN,NaN,NaN,NaN,NaN,NaN,NaN,NaN,NaN,NaN,NaN,NaN,NaN,29.90172,-95.32496,1
7/3/2022 15:05,NaN,NaN,NaN,NaN,NaN,NaN,NaN,NaN,NaN,NaN,NaN,NaN,NaN,NaN,NaN,29.90172,-95.32496,1
7/3/2022 15:10,NaN,NaN,NaN,NaN,NaN,NaN,NaN,NaN,NaN,NaN,NaN,NaN,NaN,NaN,NaN,29.90172,-95.32496,1
7/3/2022 15:15,NaN,NaN,NaN,NaN,NaN,NaN,8.845,NaN,NaN,NaN,NaN,NaN,NaN,NaN,NaN,29.90172,-95.32496,1
7/3/2022 15:20,NaN,0.552,NaN,NaN,NaN,NaN,9.059,NaN,NaN,NaN,NaN,NaN,NaN,NaN,NaN,29.90172,-95.32496,1
7/3/2022 15:25,NaN,0.398,NaN,NaN,NaN,NaN,8.564,NaN,NaN,NaN,NaN,NaN,NaN,NaN,NaN,29.90172,-95.32496,1
7/3/2022 15:30,NaN,NaN,NaN,NaN,NaN,NaN,8.596,NaN,NaN,NaN,NaN,NaN,NaN,NaN,NaN,29.90172,-95.32496,1
7/3/2022 15:35,NaN,NaN,NaN,NaN,NaN,NaN,8.413,NaN,NaN,NaN,NaN,NaN,NaN,NaN,NaN,29.90172,-95.32496,1
7/3/2022 15:40,NaN,NaN,NaN,NaN,NaN,NaN,8.085,NaN,NaN,NaN,NaN,NaN,NaN,NaN,NaN,29.90172,-95.32496,1
7/3/2022 15:45,NaN,NaN,NaN,NaN,NaN,NaN,7.967,NaN,NaN,NaN,NaN,NaN,NaN,NaN,NaN,29.90172,-95.32496,1
7/3/2022 15:50,NaN,NaN,NaN,NaN,NaN,NaN,NaN,NaN,NaN,NaN,NaN,NaN,NaN,NaN,NaN,29.90172,-95.32496,1
7/3/2022 15:55,NaN,NaN,NaN,NaN,NaN,NaN,NaN,NaN,NaN,NaN,NaN,NaN,NaN,NaN,NaN,29.90172,-95.32496,1
7/3/2022 16:00,NaN,NaN,NaN,NaN,NaN,NaN,NaN,NaN,NaN,NaN,NaN,NaN,NaN,NaN,NaN,29.90172,-95.32496,1
7/3/2022 16:05,NaN,NaN,NaN,NaN,NaN,NaN,NaN,NaN,NaN,NaN,NaN,NaN,NaN,NaN,NaN,29.90172,-95.32496,1
7/3/2022 16:10,NaN,NaN,NaN,NaN,NaN,NaN,NaN,NaN,NaN,NaN,NaN,NaN,NaN,NaN,NaN,29.90172,-95.32496,1
7/3/2022 16:15,NaN,NaN,NaN,NaN,NaN,NaN,8.094,NaN,NaN,NaN,NaN,NaN,NaN,NaN,NaN,29.90172,-95.32496,1
7/3/2022 16:20,NaN,NaN,NaN,NaN,NaN,NaN,8.098,NaN,NaN,NaN,NaN,NaN,NaN,NaN,NaN,29.90172,-95.32496,1
7/3/2022 16:25,NaN,NaN,NaN,NaN,NaN,NaN,7.929,NaN,NaN,NaN,NaN,NaN,NaN,NaN,NaN,29.90172,-95.32496,1
7/3/2022 16:30,NaN,NaN,NaN,NaN,NaN,NaN,7.893,NaN,NaN,NaN,NaN,NaN,NaN,NaN,NaN,29.90172,-95.32496,1
7/3/2022 16:35,NaN,NaN,NaN,NaN,NaN,NaN,7.839,NaN,NaN,NaN,NaN,NaN,NaN,NaN,NaN,29.90172,-95.32496,1
7/3/2022 16:40,NaN,NaN,NaN,NaN,NaN,NaN,8.41,NaN,NaN,NaN,NaN,NaN,NaN,NaN,NaN,29.90172,-95.32496,1
7/3/2022 16:45,NaN,NaN,NaN,NaN,NaN,NaN,8.441,NaN,NaN,NaN,NaN,NaN,NaN,NaN,NaN,29.90172,-95.32496,1
7/3/2022 16:50,NaN,NaN,NaN,NaN,NaN,NaN,NaN,NaN,NaN,NaN,NaN,NaN,NaN,NaN,NaN,29.90172,-95.32496,1
7/3/2022 16:55,NaN,NaN,NaN,NaN,NaN,NaN,NaN,NaN,NaN,NaN,NaN,NaN,NaN,NaN,NaN,29.90172,-95.32496,1
7/3/2022 17:00,NaN,NaN,NaN,NaN,NaN,NaN,NaN,NaN,NaN,NaN,NaN,NaN,NaN,NaN,NaN,29.90172,-95.32496,1
7/3/2022 17:05,NaN,NaN,NaN,NaN,NaN,NaN,NaN,NaN,NaN,NaN,NaN,NaN,NaN,NaN,NaN,29.90172,-95.32496,1
7/3/2022 17:10,NaN,NaN,NaN,NaN,NaN,NaN,NaN,NaN,NaN,NaN,NaN,NaN,NaN,NaN,NaN,29.90172,-95.32496,1
7/3/2022 17:15,NaN,NaN,NaN,0.084,NaN,NaN,9.293,NaN,NaN,NaN,NaN,NaN,NaN,NaN,NaN,29.90172,-95.32496,1
7/3/2022 17:20,NaN,NaN,NaN,NaN,NaN,NaN,8.623,NaN,NaN,NaN,NaN,NaN,NaN,NaN,NaN,29.90172,-95.32496,1
7/3/2022 17:25,NaN,NaN,NaN,NaN,NaN,NaN,8.181,NaN,NaN,NaN,NaN,NaN,NaN,NaN,NaN,29.90172,-95.32496,1
7/3/2022 17:30,NaN,NaN,NaN,NaN,NaN,NaN,8.094,NaN,NaN,NaN,NaN,NaN,NaN,NaN,NaN,29.90172,-95.32496,1
7/3/2022 17:35,NaN,NaN,NaN,NaN,NaN,NaN,7.975,NaN,NaN,NaN,NaN,NaN,NaN,NaN,NaN,29.90172,-95.32496,1
7/3/2022 17:40,NaN,NaN,NaN,NaN,NaN,NaN,7.903,NaN,NaN,NaN,NaN,NaN,NaN,NaN,NaN,29.90172,-95.32496,1
7/3/2022 17:45,NaN,NaN,NaN,NaN,NaN,NaN,7.963,NaN,NaN,NaN,NaN,NaN,NaN,NaN,NaN,29.90172,-95.32496,1
7/3/2022 17:50,NaN,NaN,NaN,NaN,NaN,NaN,NaN,NaN,NaN,NaN,NaN,NaN,NaN,NaN,NaN,29.90172,-95.32496,1
7/3/2022 17:55,NaN,NaN,NaN,NaN,NaN,NaN,NaN,NaN,NaN,NaN,NaN,NaN,NaN,NaN,NaN,29.90172,-95.32496,1
7/3/2022 18:00,NaN,NaN,NaN,NaN,NaN,NaN,NaN,NaN,NaN,NaN,NaN,NaN,NaN,NaN,NaN,29.90172,-95.32496,1
7/3/2022 18:05,NaN,NaN,NaN,NaN,NaN,NaN,NaN,NaN,NaN,NaN,NaN,NaN,NaN,NaN,NaN,29.90172,-95.32496,1
7/3/2022 18:10,NaN,NaN,NaN,NaN,NaN,NaN,NaN,NaN,NaN,NaN,NaN,NaN,NaN,NaN,NaN,29.90172,-95.32496,1
7/3/2022 18:15,0.153,NaN,1.34,NaN,1.029,0.299,0.57,NaN,NaN,NaN,NaN,NaN,NaN,NaN,NaN,29.90172,-95.32496,1
7/3/2022 18:20,0.166,1.919,1.613,NaN,1.087,0.486,1.033,0.149,NaN,NaN,NaN,NaN,NaN,NaN,0.207,29.90172,-95.32496,1
7/3/2022 18:25,0.166,1.964,1.776,NaN,1.025,0.639,1.055,0.217,NaN,NaN,NaN,NaN,NaN,NaN,0.204,29.90172,-95.32496,1
7/3/2022 18:30,0.175,1.988,1.674,NaN,0.976,0.651,1.016,0.248,NaN,NaN,NaN,NaN,NaN,NaN,0.207,29.90172,-95.32496,1
7/3/2022 18:35,0.173,1.917,1.606,NaN,0.907,0.606,0.908,0.275,NaN,0.117,NaN,NaN,NaN,NaN,0.234,29.90172,-95.32496,1
7/3/2022 18:40,0.186,2.056,2.38,0.137,1.055,0.749,1.412,0.679,NaN,0.233,NaN,NaN,NaN,NaN,0.417,29.90172,-95.32496,1
7/3/2022 18:45,NaN,NaN,NaN,NaN,NaN,NaN,NaN,NaN,NaN,NaN,NaN,NaN,NaN,NaN,NaN,29.90172,-95.32496,1
7/3/2022 18:50,NaN,NaN,NaN,NaN,NaN,NaN,NaN,NaN,NaN,NaN,NaN,NaN,NaN,NaN,NaN,29.90172,-95.32496,1
7/3/2022 18:55,NaN,NaN,NaN,NaN,NaN,NaN,NaN,NaN,NaN,NaN,NaN,NaN,NaN,NaN,NaN,29.90172,-95.32496,1
7/3/2022 19:00,NaN,NaN,NaN,NaN,NaN,NaN,NaN,NaN,NaN,NaN,NaN,NaN,NaN,NaN,NaN,29.90172,-95.32496,1
7/3/2022 19:05,NaN,NaN,NaN,NaN,NaN,NaN,NaN,NaN,NaN,NaN,NaN,NaN,NaN,NaN,NaN,29.90172,-95.32496,1
7/3/2022 19:10,NaN,NaN,NaN,NaN,NaN,NaN,NaN,NaN,NaN,NaN,NaN,NaN,NaN,NaN,NaN,29.90172,-95.32496,1
7/3/2022 19:15,NaN,NaN,NaN,NaN,NaN,NaN,NaN,NaN,NaN,NaN,NaN,NaN,NaN,NaN,NaN,29.90172,-95.32496,1
7/3/2022 19:20,NaN,NaN,NaN,NaN,NaN,NaN,NaN,NaN,NaN,NaN,NaN,NaN,NaN,NaN,NaN,29.90172,-95.32496,1
7/3/2022 19:25,NaN,NaN,NaN,NaN,NaN,NaN,NaN,NaN,NaN,NaN,NaN,NaN,NaN,NaN,NaN,29.90172,-95.32496,1
7/3/2022 19:30,NaN,NaN,NaN,NaN,NaN,NaN,NaN,NaN,NaN,NaN,NaN,NaN,NaN,NaN,NaN,29.90172,-95.32496,1
7/3/2022 19:35,NaN,NaN,NaN,NaN,NaN,NaN,NaN,NaN,NaN,NaN,NaN,NaN,NaN,NaN,NaN,29.90172,-95.32496,1
7/3/2022 19:40,NaN,NaN,NaN,NaN,NaN,NaN,NaN,NaN,NaN,NaN,NaN,NaN,NaN,NaN,NaN,29.90172,-95.32496,1
7/3/2022 19:45,NaN,NaN,NaN,NaN,NaN,NaN,NaN,NaN,NaN,NaN,NaN,NaN,NaN,NaN,NaN,29.90172,-95.32496,1
7/3/2022 19:50,NaN,NaN,NaN,NaN,NaN,NaN,NaN,NaN,NaN,NaN,NaN,NaN,NaN,NaN,NaN,29.90172,-95.32496,1
7/3/2022 19:55,NaN,NaN,NaN,NaN,NaN,NaN,NaN,NaN,NaN,NaN,NaN,NaN,NaN,NaN,NaN,29.90172,-95.32496,1
7/3/2022 20:00,NaN,NaN,NaN,NaN,NaN,NaN,NaN,NaN,NaN,NaN,NaN,NaN,NaN,NaN,NaN,29.90172,-95.32496,1
7/3/2022 20:05,NaN,NaN,NaN,NaN,NaN,NaN,NaN,NaN,NaN,NaN,NaN,NaN,NaN,NaN,NaN,29.90172,-95.32496,1
7/3/2022 20:10,NaN,NaN,NaN,NaN,NaN,NaN,NaN,NaN,NaN,NaN,NaN,NaN,NaN,NaN,NaN,29.90172,-95.32496,1
7/3/2022 20:15,NaN,NaN,NaN,NaN,NaN,NaN,NaN,NaN,NaN,NaN,NaN,NaN,NaN,NaN,NaN,29.90172,-95.32496,1
7/3/2022 20:20,NaN,NaN,NaN,NaN,NaN,NaN,NaN,NaN,NaN,NaN,NaN,NaN,NaN,NaN,NaN,29.90172,-95.32496,1
7/3/2022 20:25,NaN,NaN,NaN,NaN,NaN,NaN,NaN,NaN,NaN,NaN,NaN,NaN,NaN,NaN,NaN,29.90172,-95.32496,1
7/3/2022 20:30,NaN,NaN,NaN,NaN,NaN,NaN,NaN,NaN,NaN,NaN,NaN,NaN,NaN,NaN,NaN,29.90172,-95.32496,1
7/3/2022 20:35,NaN,NaN,NaN,NaN,NaN,NaN,NaN,NaN,NaN,NaN,NaN,NaN,NaN,NaN,NaN,29.90172,-95.32496,1
7/3/2022 20:40,0.201,2.008,2.113,NaN,0.189,0.17,0.441,0.408,NaN,0.204,NaN,0.448,NaN,NaN,0.207,29.90172,-95.32496,1
7/3/2022 20:45,0.178,1.981,2.216,NaN,0.313,0.179,0.446,0.325,NaN,0.152,NaN,NaN,NaN,NaN,0.254,29.90172,-95.32496,1
7/3/2022 20:50,NaN,NaN,NaN,NaN,NaN,NaN,NaN,NaN,NaN,NaN,NaN,NaN,NaN,NaN,NaN,29.90172,-95.32496,1
7/3/2022 20:55,NaN,NaN,NaN,NaN,NaN,NaN,NaN,NaN,NaN,NaN,NaN,NaN,NaN,NaN,NaN,29.90172,-95.32496,1
7/3/2022 21:00,NaN,NaN,NaN,NaN,NaN,NaN,NaN,NaN,NaN,NaN,NaN,NaN,NaN,NaN,NaN,29.90172,-95.32496,1
7/3/2022 21:05,NaN,NaN,NaN,NaN,NaN,NaN,NaN,NaN,NaN,NaN,NaN,NaN,NaN,NaN,NaN,29.90172,-95.32496,1
7/3/2022 21:10,NaN,NaN,NaN,NaN,NaN,NaN,NaN,NaN,NaN,NaN,NaN,NaN,NaN,NaN,NaN,29.90172,-95.32496,1
7/3/2022 21:15,NaN,NaN,NaN,NaN,NaN,NaN,NaN,NaN,NaN,NaN,NaN,NaN,NaN,NaN,NaN,29.90172,-95.32496,1
7/3/2022 21:20,NaN,NaN,2.596,0.287,0.446,NaN,0.975,0.612,0.219,0.307,NaN,NaN,NaN,NaN,0.682,29.90172,-95.32496,1
7/3/2022 21:25,NaN,NaN,NaN,NaN,NaN,NaN,NaN,NaN,NaN,NaN,NaN,NaN,NaN,NaN,NaN,29.90172,-95.32496,1
7/3/2022 21:30,NaN,NaN,NaN,NaN,NaN,NaN,NaN,NaN,NaN,NaN,NaN,NaN,NaN,NaN,NaN,29.90172,-95.32496,1
7/3/2022 21:35,NaN,NaN,NaN,NaN,NaN,NaN,NaN,NaN,NaN,NaN,NaN,NaN,NaN,NaN,NaN,29.90172,-95.32496,1
7/3/2022 21:40,NaN,NaN,NaN,NaN,NaN,NaN,NaN,NaN,NaN,NaN,NaN,NaN,NaN,NaN,NaN,29.90172,-95.32496,1
7/3/2022 21:45,NaN,NaN,NaN,NaN,NaN,NaN,NaN,NaN,NaN,NaN,NaN,NaN,NaN,NaN,NaN,29.90172,-95.32496,1
7/3/2022 21:50,NaN,NaN,NaN,NaN,NaN,NaN,NaN,NaN,NaN,NaN,NaN,NaN,NaN,NaN,NaN,29.90172,-95.32496,1
7/3/2022 21:55,NaN,NaN,NaN,NaN,NaN,NaN,NaN,NaN,NaN,NaN,NaN,NaN,NaN,NaN,NaN,29.90172,-95.32496,1
7/3/2022 22:00,NaN,NaN,NaN,NaN,NaN,NaN,NaN,NaN,NaN,NaN,NaN,NaN,NaN,NaN,NaN,29.90172,-95.32496,1
7/3/2022 22:05,NaN,NaN,NaN,NaN,NaN,NaN,NaN,NaN,NaN,NaN,NaN,NaN,NaN,NaN,NaN,29.90172,-95.32496,1
7/3/2022 22:10,NaN,NaN,NaN,NaN,NaN,NaN,NaN,NaN,NaN,NaN,NaN,NaN,NaN,NaN,NaN,29.90172,-95.32496,1
7/3/2022 22:15,NaN,NaN,NaN,NaN,NaN,NaN,NaN,NaN,NaN,NaN,NaN,NaN,NaN,NaN,NaN,29.90172,-95.32496,1
7/3/2022 22:20,0.18,1.775,0.996,NaN,NaN,NaN,NaN,0.182,NaN,0.142,NaN,NaN,NaN,NaN,NaN,29.90172,-95.32496,1
7/3/2022 22:25,0.155,1.857,1.168,NaN,NaN,NaN,0.238,0.253,NaN,0.156,NaN,NaN,NaN,NaN,NaN,29.90172,-95.32496,1
7/3/2022 22:30,0.162,2.095,1.188,NaN,0.166,NaN,0.287,0.324,NaN,0.138,NaN,NaN,NaN,NaN,0.235,29.90172,-95.32496,1
7/3/2022 22:35,NaN,NaN,NaN,NaN,NaN,NaN,NaN,NaN,NaN,NaN,NaN,NaN,NaN,NaN,NaN,29.90172,-95.32496,1
7/3/2022 22:40,NaN,NaN,NaN,NaN,NaN,NaN,NaN,NaN,NaN,NaN,NaN,NaN,NaN,NaN,NaN,29.90172,-95.32496,1
7/3/2022 22:45,NaN,NaN,NaN,NaN,NaN,NaN,NaN,NaN,NaN,NaN,NaN,NaN,NaN,NaN,NaN,29.90172,-95.32496,1
7/3/2022 22:50,NaN,NaN,NaN,NaN,NaN,NaN,NaN,NaN,NaN,NaN,NaN,NaN,NaN,NaN,NaN,29.90172,-95.32496,1
7/3/2022 22:55,NaN,NaN,NaN,NaN,NaN,NaN,NaN,NaN,NaN,NaN,NaN,NaN,NaN,NaN,NaN,29.90172,-95.32496,1
7/3/2022 23:00,NaN,NaN,NaN,NaN,NaN,NaN,NaN,NaN,NaN,NaN,NaN,NaN,NaN,NaN,NaN,29.90172,-95.32496,1
7/3/2022 23:05,NaN,NaN,NaN,NaN,NaN,NaN,NaN,NaN,NaN,NaN,NaN,NaN,NaN,NaN,NaN,29.90172,-95.32496,1
7/3/2022 23:10,NaN,NaN,NaN,NaN,NaN,NaN,NaN,NaN,NaN,NaN,NaN,NaN,NaN,NaN,NaN,29.90172,-95.32496,1
7/3/2022 23:15,NaN,NaN,NaN,NaN,NaN,NaN,NaN,NaN,NaN,NaN,NaN,NaN,NaN,NaN,NaN,29.90172,-95.32496,1
7/3/2022 23:20,NaN,NaN,NaN,NaN,NaN,NaN,NaN,NaN,NaN,NaN,NaN,NaN,NaN,NaN,NaN,29.90172,-95.32496,1
7/3/2022 23:25,NaN,NaN,NaN,NaN,NaN,NaN,NaN,NaN,NaN,NaN,NaN,NaN,NaN,NaN,NaN,29.90172,-95.32496,1
7/3/2022 23:30,NaN,NaN,NaN,NaN,NaN,NaN,NaN,NaN,NaN,NaN,NaN,NaN,NaN,NaN,NaN,29.90172,-95.32496,1
7/3/2022 23:35,NaN,NaN,NaN,NaN,NaN,NaN,NaN,NaN,NaN,NaN,NaN,NaN,NaN,NaN,NaN,29.90172,-95.32496,1
7/3/2022 23:40,NaN,NaN,NaN,NaN,NaN,NaN,NaN,NaN,NaN,NaN,NaN,NaN,NaN,NaN,NaN,29.90172,-95.32496,1
7/3/2022 23:45,NaN,NaN,NaN,NaN,NaN,NaN,NaN,NaN,NaN,NaN,NaN,NaN,NaN,NaN,NaN,29.90172,-95.32496,1
7/3/2022 23:50,NaN,NaN,NaN,NaN,NaN,NaN,NaN,NaN,NaN,NaN,NaN,NaN,NaN,NaN,NaN,29.90172,-95.32496,1
7/3/2022 23:55,NaN,NaN,NaN,NaN,NaN,NaN,NaN,NaN,NaN,NaN,NaN,NaN,NaN,NaN,NaN,29.90172,-95.32496,1
7/4/2022 0:00,NaN,NaN,NaN,NaN,NaN,NaN,NaN,NaN,NaN,NaN,NaN,NaN,NaN,NaN,NaN,29.9016,-95.3243,1
